finished_first_q1,finished_first_q2,dif_seconds_quali_first_second,dif_seconds_quali_second_third,dif_seconds_quali_third_fourth,dif_seconds_qualif_fourth_fifth,isAmericas,isAustralia,isEurope,is_reigning_constructor_champion,is_reigning_driver_champion,driverAge,hadRain,avg_temp,avg_humidity,avg_pressure,avg_wind_speed,constructorPositionPreRace,driverPositionPreRace,is_leader_25_percent_through,is_leader_50_percent_through,finishedFirst
0,1,0.14099999999999113,0.36600000000001387,0.6089999999999947,0.02400000000000091,0,0,0,0.0,0.0,8290,0,87.91666666666667,35.291666666666664,1012.5500000000001,7.833333333333333,1.0,1.0,1,1,0
1,1,0.11599999999999966,0.07600000000000762,0.563999999999993,0.16200000000000614,0,1,0,0.0,0.0,8304,0,75.39999999999999,49.16833333333333,1009.6166666666667,13.166666666666666,4.0,4.0,1,0,0
0,0,1.3460000000000036,0.11599999999999966,0.125,0.0870000000000033,0,0,0,0.0,0.0,12273,0,88.10000000000001,67.86,1007.6,8.783333333333333,5.0,10.0,0,0,0
0,0,0.25,0.10500000000000398,0.010000000000005116,0.055999999999997385,0,0,0,0.0,0.0,8325,0,67.35000000000001,73.27499999999999,1016.2666666666668,15.633333333333333,3.0,3.0,0,0,0
1,1,0.10599999999999454,0.7280000000000086,0.10799999999998988,0.054000000000002046,0,0,1,0.0,0.0,12308,0,66.35000000000001,61.245000000000005,1006.7333333333332,8.6,3.0,8.0,1,1,1
0,0,0.29400000000001114,0.10699999999999932,0.055999999999997385,0.1490000000000009,0,0,1,0.0,0.0,12315,0,66.83333333333333,58.085,1008.9166666666666,11.183333333333332,3.0,4.0,1,1,1
0,0,0.13799999999999102,0.3270000000000124,0.021000000000000796,0.0759999999999934,0,0,0,0.0,0.0,12329,0,81.38333333333334,45.446666666666665,1013.75,6.483333333333333,1.0,1.0,1,1,0
1,1,0.2680000000000007,0.046999999999997044,0.015000000000000568,0.08499999999999375,1,0,0,0.0,0.0,9288,0,73.60000000000001,57.90833333333333,1013.5333333333333,4.816666666666667,1.0,3.0,1,0,1
1,1,0.07500000000000284,0.30699999999998795,0.10600000000000875,0.05200000000000671,0,0,1,0.0,0.0,8395,0,83.76666666666667,28.68166666666667,1016.6833333333334,8.583333333333334,2.0,5.0,1,1,1
1,0,0.14300000000000068,0.6680000000000064,0.12999999999999545,0.06900000000000261,0,0,1,0.0,0.0,8409,0,71.66666666666667,43.875,1014.5166666666668,9.583333333333334,2.0,3.0,0,0,0
0,0,0.0020000000000095497,0.4969999999999857,0.05700000000000216,0.0799999999999983,0,0,1,0.0,0.0,8423,0,67.8,58.096666666666664,1016.9833333333332,9.549999999999999,2.0,4.0,0,0,0
1,0,0.41100000000000136,0.8029999999999973,0.3440000000000083,0.16799999999999216,0,0,1,0.0,0.0,8430,0,83.13333333333334,51.504999999999995,1015.7666666666668,6.966666666666666,2.0,4.0,0,0,0
0,0,0.08500000000000796,0.23699999999999477,0.027000000000015234,0.07899999999999352,0,0,1,0.0,0.0,12420,0,54.35,77.14999999999999,1014.4,12.433333333333332,1.0,1.0,0,0,0
0,1,0.12199999999999989,0.20900000000000318,0.13999999999998636,0.19000000000001194,0,0,1,0.0,0.0,10637,0,74.3,49.51499999999999,1017.5166666666668,3.8833333333333333,3.0,5.0,0,0,1
1,0,0.06699999999999307,0.11400000000000432,0.37300000000000466,0.03300000000000125,0,0,0,0.0,0.0,10651,0,84.73333333333333,71.18666666666667,1009.1166666666667,1.55,3.0,3.0,1,1,1
1,1,0.06800000000001205,0.3159999999999883,0.06199999999999761,0.12100000000000932,0,0,0,0.0,0.0,8500,1,75.66666666666667,59.12166666666667,1007.9833333333332,10.35,1.0,4.0,1,0,1
0,0,0.07399999999998386,0.10699999999999932,0.2960000000000065,0.472999999999999,0,0,0,0.0,0.0,8514,0,66.28333333333333,89.00666666666666,1011.4,3.9166666666666665,1.0,3.0,1,1,0
0,0,1.0490000000000066,0.117999999999995,0.10999999999999943,0.24200000000000443,1,0,0,0.0,0.0,8481,0,76.51666666666667,51.48833333333334,1014.3666666666667,7.366666666666667,7.0,15.0,0,0,0
0,1,0.0309999999999917,0.36700000000000443,0.03100000000000591,0.10199999999998965,0,0,0,0.0,0.0,8535,0,83.36666666666666,55.096666666666664,1012.7833333333333,11.016666666666666,1.0,3.0,1,0,1
1,1,0.7780000000000058,0.08799999999999386,0.38400000000000034,0.1950000000000074,0,1,0,1.0,1.0,8668,0,63.01666666666667,64.80333333333333,1025.6166666666666,8.35,1.0,1.0,0,1,1
0,0,0.103999999999985,0.2050000000000125,0.021000000000000796,0.6019999999999897,0,0,0,1.0,1.0,8682,1,82.68333333333334,82.02166666666666,1009.75,4.3999999999999995,1.0,1.0,0,1,1
0,0,0.7149999999999892,0.04200000000000159,0.20700000000000784,0.44899999999999807,0,0,0,1.0,1.0,8689,0,66.55,33.65333333333333,1007.7166666666667,8.75,1.0,1.0,0,1,0
1,1,0.40500000000000114,0.11999999999999034,0.021000000000000796,0.2560000000000002,0,0,0,1.0,1.0,8710,0,60.083333333333336,50.28333333333333,1016.6,13.283333333333333,1.0,1.0,1,1,1
0,0,0.20000000000000284,0.7800000000000011,0.0030000000000001137,0.031999999999996476,0,0,1,0.0,0.0,12686,0,77.95,32.151666666666664,1020.0,7.75,1.0,3.0,0,0,0
0,1,0.4410000000000025,0.02200000000000557,0.46399999999999864,0.19899999999999807,0,0,1,1.0,1.0,8731,0,71.55,68.01333333333334,1018.7333333333332,5.95,1.0,1.0,0,1,1
0,0,0.18500000000000227,0.018000000000000682,0.2120000000000033,0.13599999999999568,1,0,0,1.0,1.0,8745,1,60.88333333333333,91.28833333333334,1008.7833333333333,4.783333333333333,1.0,1.0,1,1,0
0,1,0.1880000000000024,0.21699999999999875,0.07400000000001228,0.08099999999998886,0,0,1,1.0,1.0,8759,0,84.78333333333333,42.303333333333335,1020.6,10.0,1.0,1.0,0,1,1
1,0,0.031999999999996476,0.08499999999999375,0.6080000000000041,0.7740000000000009,0,0,1,0.0,0.0,12735,0,67.25,57.169999999999995,1017.1666666666666,5.066666666666666,1.0,3.0,0,0,0
0,0,0.05499999999999261,0.08200000000000784,0.2259999999999991,0.4679999999999893,0,0,1,0.0,0.0,12749,1,53.76666666666667,88.77,1010.3333333333334,11.433333333333332,1.0,2.0,0,0,0
0,0,0.16300000000001091,0.04599999999999227,0.3259999999999934,0.015000000000000568,0,0,1,1.0,1.0,8794,1,63.06666666666666,78.12666666666667,1011.1999999999999,11.383333333333333,1.0,1.0,0,0,0
0,0,0.43199999999998795,0.646000000000015,0.8799999999999955,0.29599999999999227,0,0,1,1.0,1.0,8822,0,56.73333333333333,64.94166666666666,1018.4,12.183333333333332,1.0,1.0,1,1,1
0,1,0.44999999999998863,0.05200000000000671,0.06400000000000716,0.13100000000000023,0,0,1,1.0,1.0,8836,0,82.60000000000001,53.02666666666667,1015.6,4.0,1.0,1.0,1,1,1
1,1,0.3509999999999991,0.07200000000000273,0.0049999999999954525,0.06499999999999773,0,0,0,1.0,1.0,8850,0,85.03333333333335,75.52666666666666,1009.5,4.833333333333333,1.0,1.0,1,1,1
0,0,0.00899999999998613,0.14200000000001012,0.1869999999999976,0.08199999999999363,0,0,0,1.0,1.0,8864,0,71.28333333333335,47.47666666666667,1022.9333333333334,4.966666666666666,1.0,1.0,1,0,0
1,1,0.2220000000000084,0.08400000000000318,0.34199999999999875,0.36299999999999955,0,0,0,0.0,0.0,9778,0,66.39999999999999,55.76166666666666,1012.1999999999999,12.866666666666667,2.0,5.0,0,0,0
1,1,0.2960000000000065,0.033999999999991815,0.01100000000000989,0.4309999999999974,0,0,0,1.0,1.0,8885,0,83.73333333333333,31.646666666666665,1010.2333333333332,6.05,1.0,1.0,1,1,1
0,0,0.14100000000000534,0.009000000000000341,0.22700000000000387,0.19999999999998863,0,0,0,1.0,1.0,8899,0,78.36666666666666,59.11166666666667,1013.5333333333333,7.083333333333333,1.0,1.0,0,0,0
0,1,0.18099999999999739,0.1839999999999975,0.19700000000000273,0.11099999999999,1,0,0,1.0,1.0,8913,0,75.5,65.545,1015.5,8.950000000000001,1.0,1.0,0,0,0
0,0,0.15200000000000102,0.22799999999999443,0.034000000000006025,0.3149999999999977,0,1,0,0.0,0.0,9932,0,67.88333333333334,62.43333333333334,1023.0333333333333,11.866666666666667,2.0,5.0,0,0,0
0,0,0.1490000000000009,0.022999999999996135,0.07000000000000739,0.0,0,0,0,0.0,0.0,9939,0,81.83333333333333,85.07833333333333,1008.9,7.683333333333334,1.0,3.0,0,0,0
0,1,0.5049999999999955,0.06499999999999773,0.09299999999998931,0.11400000000000432,0,0,0,0.0,0.0,9789,0,67.13333333333334,55.321666666666665,1010.75,4.883333333333334,9.0,15.0,0,1,1
0,0,0.09800000000001319,0.11699999999999022,0.07399999999999807,0.10999999999999943,0,0,0,1.0,1.0,9060,0,80.16666666666667,36.30166666666667,1008.65,13.166666666666666,2.0,5.0,1,1,1
0,1,0.578000000000003,0.016999999999995907,0.1220000000000141,0.06299999999998818,0,0,1,0.0,0.0,9927,1,72.23333333333333,65.79166666666667,1018.3666666666667,9.6,7.0,14.0,0,1,1
0,0,0.0799999999999983,0.06700000000000728,0.1349999999999909,0.055999999999997385,0,0,1,0.0,0.0,13057,1,67.95,70.24833333333333,1017.4333333333334,6.066666666666666,1.0,5.0,1,0,1
1,1,0.30299999999999727,0.06399999999999295,0.1950000000000074,0.06499999999999773,1,0,0,1.0,1.0,9109,0,77.51666666666667,33.19,1018.6833333333334,3.533333333333333,1.0,2.0,0,0,0
0,0,0.32399999999999807,0.06499999999999773,0.030000000000001137,0.008000000000009777,0,0,1,1.0,1.0,9123,0,84.3,44.36000000000001,1020.1,12.200000000000001,1.0,3.0,1,1,0
0,0,0.046999999999997044,0.22700000000000387,0.17899999999998784,0.8659999999999997,0,0,1,0.0,0.0,11302,1,62.76666666666667,79.70666666666666,1006.1,7.933333333333334,4.0,1.0,1,1,0
1,0,0.40500000000000114,0.46999999999999886,0.9629999999999939,1.0420000000000016,0,0,1,0.0,0.0,11316,0,66.6,45.830000000000005,1027.7,5.983333333333333,2.0,1.0,1,1,1
1,1,0.4129999999999967,0.04999999999999716,0.1670000000000016,0.14700000000000557,0,0,1,0.0,0.0,10065,1,87.26666666666667,48.79,1009.4333333333334,5.083333333333333,3.0,5.0,1,1,1
0,1,0.2980000000000018,0.02199999999999136,0.3119999999999976,0.013999999999995794,0,0,1,0.0,0.0,11915,0,64.03333333333333,51.26166666666666,1024.5666666666666,6.05,2.0,7.0,1,1,1
1,0,0.12299999999999045,0.11400000000000432,0.05700000000000216,0.23599999999999,0,0,1,0.0,0.0,10107,0,81.8,44.685,1017.7666666666665,3.3166666666666664,2.0,5.0,1,0,1
0,1,0.4420000000000073,0.10099999999999909,0.033999999999991815,0.27700000000001523,0,0,0,0.0,0.0,10121,0,84.41666666666667,75.37666666666667,1009.1,4.666666666666667,2.0,2.0,0,0,0
0,1,0.2510000000000048,0.19999999999998863,0.4100000000000108,0.1979999999999933,0,0,0,1.0,1.0,9228,0,75.38333333333334,49.711666666666666,1014.6833333333334,9.283333333333333,1.0,2.0,1,1,1
0,0,0.07400000000001228,0.1529999999999916,0.06499999999999773,0.09100000000000819,0,0,0,0.0,0.0,13197,0,70.05,68.70333333333333,1018.0333333333333,10.233333333333333,1.0,5.0,0,0,0
1,1,0.04399999999999693,0.21699999999999875,0.11499999999999488,0.11400000000000432,0,0,0,1.0,1.0,9249,0,81.85000000000001,32.803333333333335,1014.04,4.683333333333334,1.0,1.0,1,1,1
1,1,0.3480000000000132,0.09499999999999886,0.1529999999999916,0.033999999999991815,0,0,0,0.0,0.0,10163,0,85.60000000000001,52.870000000000005,1012.2666666666668,12.833333333333334,3.0,5.0,1,0,0
1,1,0.10899999999999466,0.40800000000001546,0.4129999999999967,0.12099999999999511,1,0,0,1.0,1.0,9270,0,71.35000000000001,40.193333333333335,1023.3333333333334,9.366666666666667,1.0,1.0,1,1,0
1,0,0.05500000000000682,0.06799999999999784,0.17900000000000205,0.22699999999998965,1,0,0,0.0,0.0,10184,0,67.51666666666667,76.67166666666667,1017.1166666666667,12.033333333333333,3.0,4.0,0,0,0
0,0,0.4200000000000017,0.2600000000000051,0.4029999999999916,0.0030000000000001137,0,1,0,1.0,1.0,9389,0,60.36666666666667,53.48333333333333,1023.5666666666666,16.0,1.0,1.0,0,0,0
0,0,0.9129999999999967,0.14000000000000057,0.9719999999999942,0.5450000000000017,0,0,0,1.0,1.0,9396,1,86.86666666666667,70.14,1006.5500000000001,5.55,3.0,3.0,0,0,1
1,1,0.2769999999999868,0.027000000000001023,0.07299999999999329,0.07200000000000273,0,0,0,0.0,0.0,10324,0,72.31666666666666,43.870000000000005,1010.0500000000001,16.483333333333334,4.0,4.0,0,0,0
0,0,0.2540000000000049,0.08299999999999841,0.09499999999999886,0.3160000000000025,0,0,0,0.0,0.0,10160,0,83.48333333333333,42.285,1003.6,20.483333333333334,4.0,7.0,0,0,0
0,0,0.2540000000000049,0.08199999999999363,0.12299999999999045,0.04100000000001103,0,0,1,0.0,0.0,10181,0,64.78333333333333,59.86833333333333,1020.5500000000001,9.033333333333333,4.0,9.0,0,0,0
0,0,0.09099999999999397,0.01300000000000523,0.2009999999999934,0.6410000000000053,0,0,1,0.0,0.0,10195,0,62.46666666666667,52.39833333333333,1012.6999999999999,9.200000000000001,4.0,9.0,1,1,1
1,0,0.0870000000000033,0.3849999999999909,0.1110000000000042,0.20000000000000284,1,0,0,1.0,1.0,9473,0,71.8,52.345,1018.0,6.75,1.0,1.0,0,1,1
1,0,0.4519999999999982,0.15200000000000102,0.009000000000000341,0.5160000000000053,0,0,1,0.0,0.0,10401,0,68.83333333333333,65.185,1020.6,12.166666666666666,3.0,4.0,0,0,0
0,0,0.10300000000000864,0.10699999999999932,0.2839999999999918,0.06700000000000728,0,0,1,0.0,0.0,10408,0,75.63333333333334,47.64666666666667,1027.8166666666666,12.116666666666667,2.0,4.0,0,0,0
0,0,0.0379999999999967,0.16899999999999693,0.125,0.07099999999999795,0,0,1,0.0,0.0,10429,0,95.51666666666667,25.016666666666666,1014.2166666666667,9.333333333333334,1.0,1.0,0,1,1
1,0,0.1880000000000024,0.125,0.9260000000000019,0.08099999999998886,0,0,1,0.0,0.0,10457,0,60.71666666666667,77.81,1012.5,4.683333333333334,2.0,4.0,0,0,0
1,1,0.21300000000000807,0.0969999999999942,0.06700000000000728,0.009999999999990905,0,0,1,1.0,1.0,9564,1,73.11666666666666,73.985,1018.3666666666667,8.85,1.0,1.0,1,0,1
0,1,0.09099999999999397,0.12599999999999056,0.0940000000000083,0.10199999999998965,0,0,0,1.0,1.0,9578,0,85.06666666666666,70.20166666666667,1008.0500000000001,8.816666666666666,1.0,1.0,1,1,1
0,1,0.21800000000000352,0.04399999999999693,0.06700000000000728,0.14799999999999613,0,0,0,1.0,1.0,9592,0,77.75,73.05499999999999,1019.25,8.066666666666666,1.0,1.0,1,1,1
0,0,0.1740000000000066,0.16400000000000148,0.11199999999999477,0.01300000000000523,0,0,0,0.0,0.0,13561,0,73.89999999999999,40.97833333333333,1018.4833333333332,9.016666666666667,1.0,5.0,0,0,0
0,1,0.7519999999999953,0.07000000000000739,0.10599999999999454,0.15399999999999636,0,0,0,1.0,1.0,9613,0,83.39999999999999,38.975,1009.7333333333332,5.916666666666667,1.0,1.0,0,1,1
0,0,0.11800000000000921,0.3439999999999941,0.08200000000000784,0.04099999999999682,0,0,0,0.0,0.0,13582,0,89.78333333333335,44.78333333333333,1011.9166666666666,7.8999999999999995,1.0,5.0,0,0,0
0,1,0.10300000000000864,0.7139999999999986,0.14099999999999113,0.049000000000006594,1,0,0,1.0,1.0,9634,0,84.58333333333333,55.50666666666667,1009.4,5.716666666666668,1.0,1.0,1,0,1
0,1,0.6230000000000047,0.4369999999999976,0.03300000000000125,0.10499999999998977,1,0,0,1.0,1.0,9641,0,69.4,79.76166666666667,1018.0166666666668,11.233333333333334,1.0,1.0,1,1,1
0,0,0.3170000000000073,0.046999999999997044,1.1500000000000057,0.07399999999999807,0,1,0,0.0,0.0,10660,1,64.38333333333334,43.163333333333334,1006.6,15.716666666666667,2.0,4.0,0,0,0
0,1,0.05499999999999261,0.5640000000000072,0.125,0.36599999999999966,0,0,0,0.0,0.0,10674,0,89.31666666666666,63.29,1005.9333333333334,7.483333333333333,2.0,19.0,1,1,1
0,1,0.27899999999999636,0.5870000000000033,0.19599999999999795,0.09900000000000375,0,0,0,0.0,0.0,10510,0,75.08333333333333,35.21333333333333,1017.3666666666667,14.15,1.0,1.0,0,0,0
1,1,0.5949999999999989,0.5050000000000097,0.18299999999999272,0.4939999999999998,0,0,0,0.0,0.0,10695,1,61.5,68.48,1016.3166666666666,8.766666666666667,1.0,2.0,1,1,1
0,0,0.16800000000000637,0.8849999999999909,0.3470000000000084,0.32800000000000296,0,0,1,0.0,0.0,10716,0,72.56666666666666,54.745000000000005,1016.1,11.366666666666667,1.0,2.0,1,1,1
1,0,0.0589999999999975,0.3359999999999985,0.1629999999999967,0.13900000000001,0,0,1,0.0,0.0,10559,0,67.06666666666666,58.73333333333333,1016.8833333333333,6.133333333333333,1.0,2.0,1,1,1
0,0,0.07900000000000773,0.5949999999999989,0.001999999999995339,0.028000000000005798,1,0,0,0.0,0.0,10573,0,80.46666666666667,38.528333333333336,1011.4333333333334,6.8999999999999995,1.0,1.0,1,1,0
0,0,0.0870000000000033,0.09799999999999898,0.340999999999994,0.18099999999999739,0,0,1,0.0,0.0,12111,0,76.93333333333334,32.725,1015.3666666666667,5.216666666666666,6.0,11.0,0,0,0
1,1,1.6200000000000045,0.8140000000000072,0.1290000000000049,0.08799999999999386,0,0,1,0.0,0.0,10601,0,64.63333333333334,51.754999999999995,1004.4833333333332,8.966666666666667,1.0,1.0,1,1,0
1,1,0.2190000000000083,0.3190000000000026,0.13599999999999568,0.0589999999999975,0,0,1,0.0,0.0,10615,0,76.31666666666666,62.538333333333334,1010.8000000000001,5.783333333333334,1.0,1.0,1,1,1
1,1,0.48599999999999,0.1530000000000058,0.03699999999999193,0.5180000000000007,0,0,1,0.0,0.0,10622,1,76.75,70.14999999999999,1012.8333333333334,6.383333333333333,1.0,1.0,0,0,0
1,0,0.22800000000000864,1.8979999999999961,0.06900000000000261,0.125,0,0,1,0.0,0.0,10650,0,56.800000000000004,62.74333333333334,1019.5,8.583333333333334,1.0,1.0,0,0,0
1,1,0.2739999999999867,0.31400000000000716,0.16799999999999216,0.44899999999999807,0,0,1,0.0,0.0,10835,0,75.56666666666666,63.855,1013.4499999999999,4.1499999999999995,1.0,2.0,0,0,1
0,0,0.007000000000005002,0.16599999999999682,0.04800000000000182,0.0049999999999954525,0,0,0,0.0,0.0,10849,0,85.08333333333333,66.09333333333333,1010.9,5.266666666666667,1.0,2.0,1,1,1
0,1,0.19700000000000273,0.42499999999999716,0.3990000000000009,0.21300000000000807,0,0,0,0.0,0.0,10692,1,66.75,95.04833333333333,1012.3000000000001,2.8833333333333333,1.0,2.0,1,1,0
1,1,0.19999999999998863,0.20700000000000784,0.20100000000000762,0.1559999999999917,0,0,0,0.0,0.0,10870,0,70.28333333333333,60.86333333333334,1015.7666666666668,6.516666666666667,1.0,1.0,1,1,1
0,1,0.37599999999999056,0.46300000000000807,0.2989999999999924,0.03900000000000148,1,0,0,0.0,0.0,10720,0,73.66666666666667,42.21333333333333,1022.6166666666667,15.083333333333334,1.0,2.0,1,0,0
1,1,0.03300000000000125,0.1910000000000025,0.058000000000006935,0.625,1,0,0,0.0,0.0,10727,0,74.95,58.27333333333333,1016.3333333333334,12.316666666666668,1.0,2.0,1,1,1
0,0,-0.15900000000000603,-0.09399999999999409,-0.7890000000000015,0.0,0,0,0,0.0,0.0,10741,0,79.95,65.045,1012.35,7.8500000000000005,1.0,2.0,0,0,0
1,1,0.5939999999999941,0.7970000000000113,0.03900000000000148,0.03299999999998704,0,1,0,1.0,1.0,11024,0,62.96666666666667,56.97833333333333,1016.9,13.516666666666666,1.0,1.0,1,1,1
1,0,0.07399999999999807,0.39100000000000534,1.2419999999999902,0.4099999999999966,0,0,0,1.0,1.0,11038,0,91.58333333333333,59.12833333333333,1007.9499999999999,7.083333333333333,1.0,1.0,0,0,0
0,1,0.04600000000000648,0.8589999999999947,0.2670000000000101,0.18899999999999295,0,0,0,1.0,1.0,11052,0,68.68333333333334,41.071666666666665,1016.8666666666667,8.200000000000001,1.0,1.0,0,1,1
1,1,0.41100000000000136,0.14699999999999136,0.09800000000001319,0.15399999999999636,0,0,0,1.0,1.0,11059,0,77.86666666666666,37.443333333333335,1011.0,15.35,1.0,1.0,1,1,1
0,1,0.2670000000000101,0.5099999999999909,0.2360000000000042,0.44199999999999307,0,0,1,0.0,0.0,10909,0,80.81666666666668,43.63333333333333,1023.2333333333332,9.25,1.0,2.0,0,1,1
0,0,0.34199999999999875,0.409000000000006,0.19199999999999307,0.14100000000000534,0,0,1,1.0,1.0,11094,0,66.43333333333334,62.32333333333333,1015.6,7.233333333333333,1.0,1.0,1,1,0
0,1,0.3089999999999975,0.3119999999999976,0.08800000000000807,0.09199999999999875,1,0,0,1.0,1.0,11108,0,69.35,30.838333333333335,1017.1833333333334,4.816666666666666,1.0,1.0,1,1,1
0,0,0.20000000000000284,0.15500000000000114,0.382000000000005,0.08599999999999852,0,0,1,1.0,1.0,11122,0,58.23333333333333,48.925000000000004,1018.0333333333333,3.5833333333333335,1.0,1.0,0,1,0
0,0,0.11299999999999955,0.724000000000018,0.06399999999999295,0.22999999999998977,0,0,1,1.0,1.0,11136,0,64.93333333333334,61.72833333333333,1015.9666666666667,8.066666666666666,1.0,1.0,0,1,1
1,1,0.5750000000000028,0.14400000000000546,0.03499999999999659,0.2459999999999951,0,0,1,1.0,1.0,11157,0,75.16666666666667,36.78,1013.25,11.383333333333333,1.0,1.0,0,0,0
1,0,0.4579999999999984,0.882000000000005,0.02400000000000091,0.03799999999998249,0,0,1,1.0,1.0,11185,0,71.56666666666666,43.80666666666667,1004.7166666666667,15.6,1.0,1.0,1,1,1
1,1,0.23400000000000887,0.054000000000002046,0.018000000000000682,0.23699999999999477,0,0,1,1.0,1.0,11199,0,70.21666666666665,39.63666666666666,1017.5166666666668,4.133333333333334,1.0,1.0,1,1,1
0,1,0.5430000000000064,0.23900000000000432,0.07800000000000296,0.5549999999999926,0,0,0,0.0,0.0,10306,0,86.0,72.35833333333333,1008.9499999999999,4.633333333333334,2.0,3.0,1,1,1
0,1,0.0759999999999934,0.3640000000000043,0.22100000000000364,0.09199999999999875,0,0,0,0.0,0.0,11049,0,80.11666666666666,55.07833333333334,1011.1833333333334,7.333333333333333,1.0,2.0,0,0,0
1,1,0.3199999999999932,0.4790000000000134,0.05299999999999727,0.38299999999999557,0,0,0,0.0,0.0,11063,0,64.38333333333334,46.64666666666667,1018.5,4.116666666666666,1.0,2.0,0,0,0
0,1,0.0,0.0,0.0,0.0,1,0,0,0.0,0.0,11077,1,62.5,86.13666666666667,1015.7833333333333,17.166666666666668,1.0,3.0,0,1,0
1,0,0.1880000000000024,0.18199999999998795,0.5480000000000018,0.0010000000000047748,1,0,0,0.0,0.0,11084,0,70.85000000000001,50.096666666666664,1018.15,5.183333333333334,1.0,3.0,1,1,1
0,0,0.07800000000000296,0.4440000000000026,0.2810000000000059,0.0589999999999975,1,0,0,0.0,0.0,11098,0,77.89999999999999,64.395,1014.8666666666667,8.4,1.0,2.0,1,1,1
0,0,0.37700000000000955,0.4369999999999976,0.13299999999999557,0.2600000000000051,0,0,0,0.0,0.0,11112,0,79.41666666666667,56.375,1015.5166666666668,10.75,1.0,2.0,1,1,1
1,1,0.35999999999999943,0.47799999999999443,0.3580000000000041,0.40099999999999625,0,1,0,1.0,1.0,11395,0,70.63333333333334,42.855,1018.6333333333333,7.1000000000000005,1.0,1.0,0,0,0
0,1,0.07699999999999818,0.4420000000000073,0.23199999999999932,0.6099999999999994,0,0,0,1.0,1.0,11409,0,72.73333333333333,38.09166666666667,1015.9,7.433333333333334,1.0,2.0,0,0,0
0,0,0.5150000000000006,0.05500000000000682,0.2740000000000009,0.04999999999998295,0,0,0,0.0,0.0,11252,0,69.96666666666667,38.285000000000004,1014.6999999999999,9.566666666666666,1.0,1.0,1,1,1
1,1,0.7059999999999889,0.4130000000000109,0.12699999999999534,0.35299999999999443,0,0,0,0.0,0.0,11266,0,61.050000000000004,69.96166666666666,1019.15,7.433333333333334,1.0,1.0,1,1,1
0,1,0.28000000000000114,0.4000000000000057,0.4069999999999965,0.02599999999999625,0,0,1,1.0,1.0,11451,0,71.18333333333334,58.961666666666666,1017.2166666666667,9.416666666666666,1.0,2.0,0,0,0
0,0,0.16899999999999693,0.15100000000001046,0.6099999999999852,0.1740000000000066,0,0,1,0.0,0.0,9829,1,64.28333333333333,84.66166666666668,1008.3833333333333,9.183333333333332,3.0,5.0,1,0,0
0,1,0.06199999999999761,0.11599999999999966,0.17600000000000193,0.24800000000000466,1,0,0,1.0,1.0,11479,0,52.550000000000004,60.004999999999995,1004.9833333333332,7.616666666666667,1.0,2.0,1,0,1
1,1,0.7569999999999908,0.4510000000000076,0.0,0.30299999999999727,0,0,0,0.0,0.0,11315,0,85.85000000000001,46.574999999999996,1015.5166666666668,11.733333333333334,1.0,1.0,1,1,1
0,1,0.5430000000000064,0.8199999999999932,0.4960000000000093,0.11899999999999977,0,0,1,1.0,1.0,11500,0,59.56666666666666,68.06666666666666,1021.3000000000001,2.3,1.0,2.0,1,0,1
0,1,0.3189999999999884,0.7070000000000078,0.3049999999999926,0.26300000000000523,0,0,1,1.0,1.0,11507,1,67.53333333333333,72.11833333333333,1006.3166666666666,13.316666666666665,1.0,2.0,1,1,1
1,0,0.14300000000000068,0.17199999999999704,0.277000000000001,0.31699999999999307,0,0,1,0.0,0.0,11350,0,84.3,50.92333333333334,1016.75,5.016666666666667,1.0,1.0,1,0,0
0,0,0.10699999999999932,0.2560000000000002,0.10800000000000409,0.3079999999999927,0,0,1,0.0,0.0,11357,0,74.58333333333333,49.824999999999996,1012.9333333333334,8.483333333333333,1.0,2.0,0,0,0
0,1,0.1490000000000009,0.016999999999995907,0.1980000000000075,0.10800000000000409,0,0,1,0.0,0.0,11385,0,76.71666666666667,54.51833333333334,1014.0666666666666,12.183333333333332,1.0,2.0,1,1,1
1,1,0.47799999999999443,0.35900000000000887,0.09299999999998931,0.3230000000000075,0,0,1,1.0,1.0,11563,0,81.16666666666667,52.538333333333334,1015.8333333333334,3.9333333333333336,1.0,1.0,0,0,0
0,1,0.5310000000000059,0.1729999999999876,0.04000000000000625,0.21199999999998909,0,0,0,0.0,0.0,11406,0,87.16666666666667,67.11,1007.9833333333335,4.1499999999999995,1.0,2.0,1,1,1
1,1,0.4140000000000157,0.1559999999999917,0.046999999999997044,0.11700000000000443,0,0,0,1.0,1.0,11591,0,91.71666666666665,55.775,1008.0666666666666,9.566666666666666,1.0,2.0,1,1,0
0,1,0.01300000000000523,0.2890000000000015,0.07899999999999352,0.15000000000000568,0,0,0,0.0,0.0,11427,1,70.01666666666667,59.31666666666666,1011.4,9.916666666666666,1.0,1.0,1,1,1
1,0,0.21600000000000819,0.29399999999999693,0.23799999999999955,0.38400000000000034,1,0,0,1.0,1.0,11612,0,81.38333333333333,42.43833333333333,1020.3166666666666,11.633333333333333,1.0,2.0,0,1,1
1,0,0.2539999999999907,0.09600000000000364,0.07899999999999352,0.19700000000000273,1,0,0,1.0,1.0,11619,0,66.98333333333333,49.038333333333334,1022.3833333333333,6.3999999999999995,1.0,2.0,1,1,1
1,1,0.10199999999998965,0.5660000000000025,0.08100000000000307,0.010000000000005116,1,0,0,1.0,1.0,11633,0,64.93333333333334,89.555,1015.75,8.283333333333333,1.0,2.0,1,1,1
1,1,0.30299999999999727,0.5310000000000059,0.015000000000000568,0.05700000000000216,0,0,0,1.0,1.0,11647,0,79.41666666666667,55.028333333333336,1015.1833333333334,9.966666666666667,1.0,2.0,1,1,1
1,0,0.2680000000000007,0.024999999999991473,0.5520000000000067,0.4519999999999982,0,1,0,0.0,0.0,11766,0,74.56666666666666,68.93166666666666,1011.9499999999999,6.816666666666666,1.0,2.0,1,0,0
0,0,0.18600000000000705,0.000999999999990564,0.2750000000000057,0.8930000000000007,0,0,0,0.0,0.0,11780,1,54.63333333333333,88.23,1011.65,12.316666666666668,2.0,2.0,1,1,1
0,0,0.022999999999996135,0.4549999999999983,0.2980000000000018,0.02200000000000557,0,0,0,0.0,0.0,10093,0,78.64999999999999,57.76166666666666,1009.1,21.366666666666664,1.0,4.0,0,0,0
0,0,0.0589999999999975,0.036000000000001364,0.47799999999999443,1.1380000000000052,0,0,0,0.0,0.0,10894,0,74.8,40.19833333333333,1013.1166666666667,6.7,1.0,1.0,0,0,0
1,1,0.05100000000000193,0.17300000000000182,0.06599999999998829,0.2670000000000101,0,0,1,0.0,0.0,11815,0,74.63333333333334,45.791666666666664,1023.65,10.5,1.0,2.0,1,0,1
0,1,0.043000000000006366,0.001999999999995339,0.27299999999999613,0.5020000000000095,0,0,1,0.0,0.0,13738,0,76.0,54.285000000000004,1021.1,5.866666666666667,2.0,4.0,1,0,0
0,1,0.3299999999999983,0.387999999999991,0.07500000000000284,0.15100000000001046,1,0,0,0.0,0.0,11843,0,83.33333333333333,45.928333333333335,1007.9166666666666,8.883333333333333,2.0,2.0,1,1,1
1,1,0.4339999999999975,0.6659999999999968,0.14800000000001035,0.03799999999998249,0,0,0,0.0,0.0,11857,0,80.51666666666667,63.94833333333333,1011.0500000000001,11.85,1.0,2.0,1,1,0
0,1,0.04200000000000159,0.13100000000000023,0.35499999999998977,0.11700000000000443,0,0,1,0.0,0.0,10177,0,82.3,42.02166666666667,1011.65,6.7,1.0,3.0,1,1,1
0,1,0.546999999999997,0.20900000000000318,0.020000000000010232,0.7539999999999907,0,0,1,0.0,0.0,11878,0,70.68333333333334,75.07666666666667,1022.4666666666667,9.383333333333333,1.0,2.0,1,1,1
1,0,0.16800000000000637,0.08599999999999852,0.1769999999999925,0.09000000000000341,0,0,1,0.0,0.0,10985,0,86.43333333333334,37.03333333333333,1015.9166666666666,7.5,2.0,1.0,1,0,1
1,1,0.24200000000000443,0.2989999999999924,0.17600000000001614,0.10999999999998522,0,0,1,0.0,0.0,11920,0,69.56666666666666,68.70166666666667,1018.4166666666666,3.3833333333333333,1.0,2.0,1,1,1
1,1,1.1479999999999961,0.13900000000001,0.1909999999999883,0.6869999999999976,0,0,1,0.0,0.0,11927,0,72.60000000000001,31.766666666666666,1011.0833333333334,4.233333333333333,1.0,2.0,1,1,1
0,0,0.3229999999999933,0.02600000000001046,0.2289999999999992,0.05700000000000216,0,0,0,0.0,0.0,11034,1,82.46666666666667,82.71833333333333,1011.75,6.95,2.0,2.0,0,0,0
1,0,0.045000000000001705,0.4200000000000017,0.054000000000002046,0.1629999999999967,0,0,0,0.0,0.0,11955,0,86.56666666666666,72.64333333333333,1008.1333333333333,4.983333333333333,1.0,1.0,0,0,0
1,1,0.33199999999999363,0.14000000000000057,0.5150000000000006,0.02599999999999625,0,0,0,0.0,0.0,11962,0,77.10000000000001,64.72333333333333,1021.4499999999999,3.6333333333333333,1.0,1.0,1,0,1
1,1,0.23900000000000432,0.22099999999998943,0.009000000000000341,0.0,1,0,0,0.0,0.0,11976,0,75.06666666666666,54.68833333333333,1019.5333333333333,13.233333333333334,1.0,1.0,1,1,1
0,0,0.08599999999999852,0.35999999999999943,0.02400000000000091,0.28000000000000114,1,0,0,0.0,0.0,11076,0,69.83333333333333,46.48,1016.2333333333332,3.9166666666666665,2.0,2.0,0,0,0
0,0,0.0379999999999967,0.17799999999999727,0.38700000000000045,0.40500000000000114,1,0,0,0.0,0.0,10303,0,80.21666666666667,28.885,1010.1999999999999,9.5,1.0,3.0,0,0,0
1,0,0.17199999999999704,0.37400000000000944,0.18200000000000216,0.02599999999999625,0,0,0,0.0,0.0,10317,0,76.46666666666667,53.46,1018.3666666666667,9.233333333333333,1.0,3.0,1,1,1
1,0,0.6640000000000015,0.009999999999990905,0.04100000000001103,0.27299999999999613,0,1,0,1.0,1.0,12130,0,74.38,35.324,998.4399999999999,10.940000000000001,1.0,1.0,1,0,0
0,1,0.14300000000000068,0.022999999999996135,0.09600000000000364,0.17799999999999727,0,0,0,0.0,0.0,11237,0,78.96000000000001,62.408,1010.14,7.720000000000001,1.0,1.0,1,1,1
1,0,0.0870000000000033,0.44299999999999784,0.04999999999999716,0.12099999999999511,0,0,0,0.0,0.0,11244,0,66.97999999999999,29.168,1018.36,9.86,1.0,1.0,1,0,0
0,0,0.17900000000000205,0.1600000000000108,0.07399999999999807,0.08299999999999841,0,0,0,0.0,0.0,11258,0,58.96,61.291999999999994,1020.1,27.1,2.0,1.0,1,1,0
0,0,0.03999999999999204,0.09200000000001296,0.30699999999998795,0.20400000000000773,0,0,1,1.0,1.0,12179,1,59.339999999999996,60.205999999999996,1015.3,9.459999999999999,2.0,1.0,1,0,1
1,1,0.2289999999999992,0.19299999999999784,0.034000000000006025,0.17499999999999716,0,0,1,0.0,0.0,10557,0,74.84,65.316,1016.04,8.78,3.0,5.0,1,1,1
1,0,0.09300000000000352,0.0799999999999983,0.0589999999999975,0.09900000000000375,1,0,0,0.0,0.0,11300,0,65.34,33.048,1018.9799999999999,4.0,2.0,2.0,1,1,1
1,1,0.117999999999995,0.2530000000000143,0.3049999999999926,0.18999999999999773,0,0,1,1.0,1.0,12221,0,78.94,53.581999999999994,1015.1200000000001,9.48,1.0,2.0,1,1,1
0,0,0.01899999999999835,0.3149999999999977,0.19599999999999795,0.18000000000000682,0,0,1,0.0,0.0,10534,0,65.58,51.763999999999996,1011.36,8.72,1.0,4.0,0,0,0
0,1,0.04400000000001114,0.053999999999987836,0.22700000000000387,0.3850000000000051,0,0,1,1.0,1.0,12235,0,83.05999999999999,37.324,1025.44,8.879999999999999,2.0,2.0,0,0,0
0,0,0.20399999999999352,0.13100000000000023,0.2750000000000057,0.3780000000000001,0,0,1,0.0,0.0,11342,1,74.36,66.3,1013.5600000000001,6.5200000000000005,1.0,1.0,1,0,0
0,0,0.2600000000000051,0.0,0.02400000000000091,0.532999999999987,0,0,1,1.0,1.0,12256,0,90.58,38.374,1010.82,5.7,1.0,1.0,1,0,1
1,0,0.7259999999999991,2.945999999999998,0.043000000000006366,0.22799999999999443,0,0,1,1.0,1.0,12284,0,60.36,43.488,1015.3399999999999,5.74,1.0,1.0,0,0,0
0,0,0.16100000000000136,0.013999999999995794,0.362000000000009,0.958999999999989,0,0,1,0.0,0.0,14200,1,67.26,72.764,1016.6200000000001,6.5,2.0,3.0,1,0,0
0,0,0.3190000000000026,0.29399999999999693,0.07399999999999807,0.09199999999999875,0,0,0,1.0,1.0,12305,1,84.17999999999999,66.888,1008.0,6.44,1.0,1.0,0,1,1
0,0,0.14499999999999602,0.41100000000000136,0.29399999999999693,0.9440000000000026,0,0,0,0.0,0.0,10625,0,73.7,70.276,1017.1,5.58,1.0,4.0,0,0,0
1,0,0.2989999999999924,0.9980000000000047,0.46399999999999864,0.23999999999999488,0,0,0,1.0,1.0,12326,0,78.92,57.75,1011.64,8.540000000000001,1.0,1.0,1,1,1
1,0,0.06100000000000705,0.009000000000000341,0.3089999999999975,0.8780000000000001,1,0,0,1.0,1.0,12340,0,71.5,39.998000000000005,1024.0,11.36,1.0,1.0,0,1,0
0,0,0.02599999999999625,0.10900000000000887,0.0759999999999934,0.18999999999999773,1,0,0,0.0,0.0,10711,0,69.66,56.303999999999995,1016.32,5.3,3.0,6.0,0,0,0
0,0,0.09299999999998931,0.06700000000000728,0.015000000000000568,0.32200000000000273,1,0,0,1.0,1.0,12361,0,74.6,73.038,1014.4,12.88,1.0,1.0,1,0,1
0,1,0.16200000000000614,0.16899999999999693,0.2400000000000091,0.036000000000001364,0,0,0,1.0,1.0,12375,1,85.24,52.236000000000004,1013.4200000000001,14.38,1.0,1.0,0,0,1
0,1,0.11199999999999477,0.5919999999999987,0.12999999999999545,0.1220000000000141,0,1,0,1.0,1.0,12487,0,73.96000000000001,67.92,1015.9799999999999,7.040000000000001,1.0,1.0,0,0,0
1,1,0.29399999999999693,0.030000000000001137,0.0660000000000025,0.4959999999999951,0,0,0,0.0,0.0,7836,0,77.25999999999999,60.291999999999994,1004.32,20.9,2.0,5.0,0,1,0
1,0,0.022999999999996135,0.2780000000000058,0.016999999999995907,0.22400000000000375,0,0,0,0.0,0.0,10821,0,64.86,53.862,1019.22,15.280000000000001,1.0,1.0,0,0,0
0,0,0.0589999999999975,0.242999999999995,0.27200000000000557,0.5240000000000009,0,0,0,0.0,0.0,10835,0,65.14,50.218,1010.1600000000001,17.86,1.0,2.0,0,0,1
1,1,0.6339999999999861,0.23199999999999932,0.08500000000000796,0.23099999999999454,0,0,1,0.0,0.0,10849,0,68.84,52.04,1020.4799999999999,11.379999999999999,1.0,1.0,0,0,0
0,0,0.08599999999999852,0.38900000000001,0.3059999999999974,0.09399999999999409,0,0,1,1.0,1.0,12557,0,69.16,67.862,1011.6600000000001,7.08,1.0,1.0,1,1,1
1,0,0.20600000000000307,0.47400000000000375,0.15099999999999625,0.008000000000009777,1,0,0,0.0,0.0,11664,0,83.28,16.89,1023.2,4.6,2.0,3.0,1,1,0
0,0,0.28600000000000136,0.35999999999999943,0.4439999999999884,0.009000000000014552,0,0,1,1.0,1.0,12585,0,82.4,48.112,1014.46,12.059999999999999,1.0,1.0,1,1,1
0,1,0.25900000000000034,0.1769999999999996,0.09799999999999898,0.5350000000000037,0,0,1,0.0,0.0,7927,0,91.36,23.326,1014.0200000000001,8.1,2.0,5.0,1,1,0
0,0,0.006000000000000227,0.07299999999999329,0.1039999999999992,0.31400000000000716,0,0,1,0.0,0.0,10912,0,65.7,67.266,1023.8799999999999,7.26,1.0,2.0,1,0,0
0,1,0.34600000000000364,0.016000000000005343,0.3930000000000007,0.015999999999991132,0,0,1,1.0,1.0,12620,1,69.52000000000001,88.328,1002.76,8.38,1.0,1.0,1,0,0
1,0,0.018000000000000682,0.17900000000000205,0.2740000000000009,0.027999999999991587,0,0,1,0.0,0.0,7978,0,77.17999999999999,39.524,1013.96,5.9399999999999995,3.0,3.0,1,1,0
1,1,0.7479999999999905,0.015000000000000568,0.13299999999999557,0.2750000000000057,0,0,1,0.0,0.0,7990,0,59.9,66.732,1016.5799999999999,7.040000000000001,2.0,5.0,1,0,1
1,0,0.03900000000000148,0.007999999999995566,0.10299999999999443,0.382000000000005,0,0,1,0.0,0.0,7997,1,61.8,62.831999999999994,1010.4799999999999,5.3,2.0,5.0,1,0,1
0,1,0.1910000000000025,0.028999999999996362,0.3760000000000048,0.3329999999999984,0,0,0,0.0,0.0,8011,0,84.78,69.916,1010.8,8.24,2.0,4.0,1,0,0
0,1,0.402000000000001,0.022999999999996135,0.257000000000005,0.32200000000000273,0,0,0,0.0,0.0,8018,1,68.97999999999999,69.066,1016.6600000000001,6.08,2.0,3.0,0,0,0
0,0,0.18900000000000716,0.04000000000000625,0.00899999999998613,0.5490000000000066,0,0,0,0.0,0.0,11790,0,71.74,55.1,1014.1200000000001,10.28,2.0,5.0,0,0,0
0,0,0.26600000000000534,0.1460000000000008,0.09199999999999875,0.07399999999999807,1,0,0,0.0,0.0,8046,1,72.52000000000001,55.588,1010.9399999999999,3.6799999999999997,2.0,3.0,0,0,0
0,1,0.012000000000000455,0.5259999999999962,0.1490000000000009,0.24200000000000443,0,0,1,0.0,0.0,11269,0,80.64,37.652,1013.0,6.18,1.0,2.0,1,1,1
0,0,0.012000000000000455,0.05500000000000682,0.04099999999999682,0.1839999999999975,1,0,0,0.0,0.0,11024,0,71.82,28.536,1019.9,11.28,1.0,2.0,1,1,1
1,1,0.12300000000000466,0.06799999999999784,0.028999999999996362,0.1460000000000008,1,0,0,0.0,0.0,8083,0,68.5,63.227999999999994,1015.0200000000001,13.84,3.0,4.0,1,1,1
1,0,0.19400000000000261,0.16600000000001103,0.07999999999998408,0.12000000000000455,0,0,0,1.0,1.0,12746,0,78.46000000000001,61.105999999999995,1015.3,8.36,1.0,1.0,1,1,1
1,1,1.2160000000000082,0.18199999999998795,0.030000000000001137,0.22100000000000364,0,0,1,1.0,1.0,12970,0,65.72,39.65,1022.8799999999999,7.44,1.0,4.0,1,1,1
0,1,0.0,0.8229999999999933,0.16800000000000637,0.2289999999999992,0,0,1,1.0,1.0,12977,1,68.62,82.498,1013.64,4.82,1.0,2.0,1,1,1
0,0,0.3130000000000024,0.7090000000000032,0.10199999999998965,0.355000000000004,0,0,1,1.0,1.0,12991,0,69.84,47.444,1015.3799999999999,10.74,1.0,1.0,1,1,1
1,1,0.06300000000000239,0.8649999999999949,0.0940000000000083,0.12099999999999511,0,0,1,0.0,0.0,11304,0,78.42,58.688,1017.4399999999999,8.959999999999999,1.0,2.0,1,0,0
1,1,0.0589999999999975,0.6490000000000009,0.18999999999999773,0.10699999999999932,0,0,1,1.0,1.0,13005,0,82.96,65.788,1011.1600000000001,11.48,1.0,1.0,1,1,1
1,1,0.5109999999999957,0.014999999999986358,0.28300000000001546,0.20300000000000296,0,0,1,1.0,1.0,13019,0,60.46,67.894,1010.82,6.959999999999999,1.0,1.0,1,1,1
1,0,0.06900000000000261,0.7389999999999901,0.025000000000005684,0.07500000000000284,0,0,1,1.0,1.0,13026,0,78.54,47.124,1011.64,5.5600000000000005,1.0,1.0,1,1,0
0,1,0.0589999999999975,0.3059999999999974,0.4450000000000074,0.3159999999999883,0,0,1,1.0,1.0,13033,0,88.1,38.86,1022.4799999999999,9.52,1.0,1.0,1,1,1
0,0,0.5630000000000024,0.08899999999999864,0.3610000000000042,0.046999999999997044,0,0,0,1.0,1.0,13047,0,82.5,48.948,1014.0,6.7,1.0,1.0,1,0,0
0,0,0.2560000000000002,0.03699999999999193,0.472999999999999,0.012000000000000455,0,0,1,0.0,0.0,11367,0,49.260000000000005,64.498,1019.9200000000001,5.18,1.0,2.0,0,0,0
1,0,-0.14999999999999147,-0.18600000000000705,-0.13299999999999557,0.0,0,0,1,1.0,1.0,13075,0,67.82000000000001,78.676,1020.76,12.66,1.0,1.0,0,1,1
1,1,0.09700000000000841,0.46999999999999886,0.3259999999999934,0.018000000000000682,0,0,1,0.0,0.0,11388,1,60.4,84.178,1022.32,2.54,1.0,2.0,1,0,0
0,0,0.29000000000000625,1.2659999999999911,1.1270000000000095,1.1469999999999914,0,0,0,0.0,0.0,8053,1,57.760000000000005,70.51599999999999,1023.32,3.7,5.0,11.0,1,1,0
1,1,0.2890000000000015,0.125,0.5960000000000036,0.04800000000000182,0,0,0,1.0,1.0,13110,0,76.84,68.432,1015.64,5.4799999999999995,1.0,1.0,1,1,1
1,0,0.02599999999999625,0.030000000000001137,0.17999999999999972,0.1769999999999996,0,0,0,0.0,0.0,11423,0,68.02000000000001,63.08,1015.26,15.680000000000001,1.0,2.0,0,0,0
0,0,0.024999999999991473,0.06099999999999284,0.16500000000000625,0.07399999999999807,0,0,0,0.0,0.0,8475,0,73.2,53.67,1015.74,10.059999999999999,2.0,3.0,1,1,1
1,0,0.38800000000000523,0.2009999999999934,0.09199999999999875,0.13100000000000023,0,0,0,0.0,0.0,8580,0,69.58333333333333,49.64333333333334,1015.0833333333334,25.2,2.0,1.0,1,1,0
1,0,0.03499999999999659,0.05200000000000671,0.24199999999999022,0.04999999999999716,0,0,1,1.0,1.0,13250,1,56.28333333333333,51.57666666666666,1015.5500000000001,5.033333333333334,1.0,1.0,0,0,0
1,0,0.007000000000005002,0.39099999999999113,0.14400000000000546,0.1490000000000009,0,0,1,0.0,0.0,11570,0,64.66666666666667,48.925000000000004,1017.0666666666666,14.983333333333334,1.0,5.0,1,0,0
0,0,0.036000000000001364,0.09600000000000364,0.6370000000000005,0.06999999999999318,0,0,1,1.0,1.0,13271,0,69.96666666666665,66.19,1007.0333333333333,8.299999999999999,1.0,1.0,0,0,1
0,1,0.22999999999998977,0.025000000000005684,0.010000000000005116,0.009000000000000341,0,0,1,0.0,0.0,8620,0,69.55,58.653333333333336,1014.4666666666667,17.033333333333335,4.0,5.0,0,0,0
0,0,0.23199999999999932,0.11299999999999955,0.001999999999995339,0.01099999999999568,0,0,0,0.0,0.0,8634,0,74.46666666666667,57.84166666666667,1011.6999999999999,13.299999999999999,4.0,6.0,0,0,0
1,0,0.2580000000000098,0.1280000000000001,0.0689999999999884,0.39500000000001023,0,0,1,0.0,0.0,8664,1,79.0,68.80333333333333,1008.9,14.616666666666667,1.0,1.0,0,1,1
1,0,0.1939999999999955,0.03200000000001069,0.05299999999999727,0.04800000000000182,0,0,1,0.0,0.0,8671,0,77.8,46.041666666666664,1013.1999999999999,5.25,1.0,1.0,1,1,1
1,1,0.04800000000000182,0.2220000000000013,0.023999999999993804,0.0350000000000108,0,0,1,0.0,0.0,8678,0,69.23333333333333,55.51666666666667,1010.3166666666666,2.7166666666666663,1.0,1.0,1,1,1
1,0,0.07500000000000284,0.11899999999999977,0.5,0.015999999999991132,0,0,1,0.0,0.0,8692,0,83.93333333333334,47.165,1023.8833333333333,4.433333333333334,1.0,1.0,0,0,0
0,0,0.3149999999999977,0.10600000000000875,0.5809999999999889,0.06200000000001182,0,0,1,1.0,1.0,13355,1,83.03333333333335,62.84166666666667,1004.5333333333333,7.033333333333334,2.0,2.0,0,0,0
1,0,0.32099999999999795,0.01300000000000523,0.7650000000000006,0.07099999999999795,0,0,1,0.0,0.0,8734,1,53.1,98.77666666666666,1019.1333333333333,8.85,2.0,2.0,0,0,1
0,1,0.0379999999999967,0.2989999999999924,0.2560000000000002,0.049000000000006594,0,0,1,0.0,0.0,8741,0,69.61666666666666,59.44166666666666,1021.65,8.299999999999999,2.0,2.0,1,1,1
0,0,0.09599999999998943,0.31500000000001194,0.022999999999996135,0.006000000000000227,0,0,1,0.0,0.0,8748,0,78.53333333333333,44.03,1015.3000000000001,4.3999999999999995,2.0,1.0,0,0,0
0,0,0.5169999999999959,0.4730000000000132,1.066999999999993,0.10600000000000875,0,0,0,0.0,0.0,7988,1,63.13333333333333,69.60833333333333,1023.0666666666666,3.9166666666666665,3.0,4.0,1,1,0
0,0,0.13000000000000966,0.1979999999999933,0.06900000000000261,0.06099999999999284,0,0,0,0.0,0.0,11731,1,61.98333333333333,94.565,1020.85,14.016666666666666,1.0,3.0,1,1,1
0,1,0.20900000000000318,0.015000000000000568,0.340999999999994,0.13100000000000023,1,0,0,0.0,0.0,8790,0,82.86666666666667,62.26166666666666,1009.4,9.1,1.0,1.0,1,1,1
1,0,0.14499999999999602,0.2049999999999983,0.11700000000000443,0.11400000000000432,1,0,0,0.0,0.0,11759,0,68.14999999999999,34.72833333333333,1019.8666666666667,5.3,1.0,3.0,0,0,0
0,0,0.4380000000000024,0.0969999999999942,0.014000000000010004,0.29399999999999693,1,0,0,0.0,0.0,11766,0,72.10000000000001,56.22666666666667,1017.8166666666666,11.083333333333334,1.0,3.0,0,0,0
1,1,0.4549999999999983,0.19600000000001216,0.16199999999999193,0.030000000000001137,0,0,0,1.0,1.0,13467,0,80.38333333333334,68.62666666666667,1013.5833333333334,10.016666666666667,1.0,1.0,1,1,1
0,1,0.1110000000000042,0.0309999999999917,0.40100000000001046,0.06900000000000261,0,0,0,1.0,1.0,13481,0,82.84,69.25,1013.5799999999999,4.4399999999999995,1.0,2.0,0,0,1
0,1,0.3709999999999951,0.4509999999999934,0.016000000000005343,0.045000000000001705,0,0,0,0.0,0.0,8839,0,76.05,55.75333333333333,1017.3666666666667,9.299999999999999,2.0,1.0,0,0,1
1,0,0.12300000000000466,0.006000000000000227,0.23399999999999466,0.3170000000000073,0,0,0,0.0,0.0,8921,0,72.8,35.943333333333335,1010.75,12.533333333333333,3.0,7.0,1,1,1
0,0,-0.1770000000000067,-0.0589999999999975,-0.6069999999999993,0.0,0,0,0,0.0,0.0,11748,0,78.86666666666666,45.38666666666666,1013.1,14.816666666666668,10.0,18.0,1,0,0
0,0,0.28600000000000136,0.08599999999999852,0.46300000000000807,0.12199999999999989,0,1,0,0.0,0.0,8942,0,78.01666666666667,45.99166666666667,1015.6333333333333,10.816666666666668,1.0,1.0,1,1,1
0,1,0.7789999999999964,0.35300000000000864,0.03300000000000125,0.0379999999999967,0,0,1,0.0,0.0,8972,1,57.9,78.45833333333333,1005.6666666666666,5.75,3.0,6.0,1,1,1
1,1,0.19000000000001194,0.0049999999999954525,0.045000000000001705,0.43899999999999295,1,0,0,0.0,0.0,8970,1,86.7,58.279999999999994,1009.96,9.92,1.0,1.0,0,0,0
1,0,0.3230000000000075,0.09299999999998931,0.22700000000000387,0.027000000000001023,0,0,1,0.0,0.0,8984,0,94.8,14.723333333333334,1010.4166666666666,12.9,1.0,1.0,1,0,0
1,1,0.22499999999999432,0.028000000000005798,0.03699999999999193,0.18300000000000693,0,0,1,0.0,0.0,8991,0,73.55,72.18,1003.3166666666666,15.933333333333332,2.0,2.0,1,0,0
0,0,0.28199999999998226,0.06500000000001194,0.10799999999998988,0.8980000000000103,0,0,0,0.0,0.0,9005,0,82.16666666666667,35.95333333333333,1006.5500000000001,14.85,2.0,2.0,0,0,0
1,1,0.644999999999996,0.15200000000000102,0.7949999999999875,0.06900000000001683,1,0,0,0.0,0.0,9028,0,67.53333333333335,32.26833333333334,1014.1333333333333,9.033333333333333,1.0,1.0,0,1,1
0,0,0.07200000000000273,0.242999999999995,0.31799999999999784,0.3790000000000049,0,0,1,0.0,0.0,10167,1,64.76666666666667,61.69,1019.5500000000001,7.716666666666666,2.0,5.0,1,0,1
0,0,0.029000000000010573,0.05299999999999727,0.3649999999999949,0.2950000000000017,0,0,1,0.0,0.0,9049,0,68.05,43.74166666666667,1016.4666666666667,14.033333333333333,1.0,1.0,0,0,0
1,1,0.30400000000000205,0.15900000000000603,0.4299999999999926,0.2669999999999959,0,0,1,0.0,0.0,9047,0,89.64999999999999,48.45666666666667,1015.7166666666667,9.633333333333333,2.0,2.0,1,0,0
1,0,0.04399999999999693,0.146000000000015,0.20199999999999818,0.24899999999999523,0,0,1,0.0,0.0,8932,1,67.73333333333333,63.833333333333336,1013.75,16.883333333333333,3.0,5.0,0,0,0
0,0,0.632000000000005,0.16500000000000625,0.09099999999999397,0.6270000000000095,0,0,1,0.0,0.0,10223,0,66.75,48.46,1019.5833333333334,6.866666666666667,2.0,5.0,0,0,0
1,0,0.021000000000000796,0.07099999999999795,0.21399999999999864,0.42900000000000205,0,0,1,0.0,0.0,9105,0,74.88333333333334,65.31833333333334,1017.6333333333333,8.116666666666667,1.0,1.0,1,1,1
0,0,0.14499999999999602,0.12300000000000466,0.777000000000001,0.31799999999999784,0,0,1,0.0,0.0,9096,0,78.05,37.833333333333336,1014.4666666666667,4.633333333333334,2.0,2.0,0,1,0
0,1,0.02199999999999136,0.03200000000001069,0.11699999999999022,0.3830000000000098,0,0,0,0.0,0.0,9117,0,79.93333333333332,83.84333333333333,1008.4,3.4,1.0,1.0,0,0,0
1,0,0.009999999999990905,0.047000000000011255,0.347999999999999,0.45599999999998886,0,0,0,0.0,0.0,9140,1,63.550000000000004,88.25999999999999,1020.5666666666666,4.25,1.0,1.0,1,1,1
1,0,0.06499999999999773,0.027000000000015234,0.19700000000000273,0.3019999999999925,1,0,0,0.0,0.0,10279,0,84.96666666666667,49.245000000000005,1009.0833333333334,19.533333333333335,2.0,5.0,0,0,0
0,0,0.30400000000000205,0.0049999999999954525,0.04399999999999693,0.22299999999999898,1,0,0,0.0,0.0,9161,0,74.61666666666666,35.40833333333333,1017.7333333333332,4.3500000000000005,1.0,1.0,1,1,1
0,0,0.20299999999998875,0.18200000000000216,0.20400000000000773,0.09399999999999409,1,0,0,0.0,0.0,9037,0,77.64999999999999,62.38999999999999,1012.85,10.466666666666667,3.0,4.0,1,1,1
1,0,0.22799999999999443,0.04000000000000625,0.15000000000000568,0.26599999999999113,0,0,0,0.0,0.0,9182,0,83.33333333333333,59.221666666666664,1013.6333333333333,14.866666666666667,1.0,1.0,1,1,1
0,0,0.13800000000000523,0.15399999999999636,0.15399999999999636,0.18200000000000216,0,0,0,1.0,1.0,9287,0,79.53333333333333,32.623333333333335,1017.2333333333332,5.533333333333334,1.0,1.0,1,1,1
1,1,0.15500000000000114,0.3100000000000023,0.12699999999999534,0.07399999999999807,0,0,0,0.0,0.0,12105,0,77.89999999999999,49.964999999999996,1010.8000000000001,9.216666666666667,1.0,2.0,1,1,1
1,1,0.2360000000000042,0.13599999999999568,0.03499999999999659,0.13100000000000023,0,1,0,1.0,1.0,9315,0,63.166666666666664,55.15833333333333,1019.4833333333332,6.5,1.0,1.0,1,1,1
1,0,0.18799999999998818,0.10400000000001342,0.5209999999999866,0.16100000000000136,0,0,0,0.0,0.0,9327,0,72.43333333333332,58.37833333333333,1006.5833333333334,13.266666666666667,4.0,10.0,0,0,0
0,0,0.36099999999999,0.14700000000000557,0.41799999999999216,0.019000000000005457,1,0,0,0.0,0.0,12154,0,80.85999999999999,58.94199999999999,1018.8799999999999,17.54,1.0,2.0,1,0,0
1,1,0.08400000000000318,0.02200000000000557,0.08199999999999363,0.07699999999999818,0,0,1,1.0,1.0,9371,0,74.43333333333334,58.781666666666666,1013.8000000000001,8.516666666666667,1.0,1.0,1,1,1
0,1,0.4619999999999891,0.058000000000006935,0.02400000000000091,0.001999999999995339,0,0,1,1.0,1.0,9378,0,72.31666666666666,62.453333333333326,1014.9166666666666,9.116666666666667,1.0,1.0,1,1,1
1,1,1.2439999999999998,0.1839999999999975,0.340999999999994,0.26600000000000534,1,0,0,1.0,1.0,9392,0,63.65,69.14333333333333,1013.2333333333332,4.8,1.0,1.0,1,1,1
1,1,0.04799999999998761,0.14200000000001012,0.07699999999999818,0.16100000000000136,0,0,1,1.0,1.0,9406,0,71.2,58.791666666666664,1009.5833333333334,4.716666666666667,1.0,1.0,1,1,1
0,1,0.24099999999999966,0.13100000000000023,0.04399999999999693,0.012000000000000455,0,0,1,1.0,1.0,9413,1,70.8,58.678333333333335,1017.8833333333333,10.700000000000001,1.0,1.0,1,1,1
0,0,0.002999999999985903,0.08200000000000784,0.21099999999999852,0.0660000000000025,0,0,1,0.0,0.0,14076,0,84.45,35.61166666666667,1015.5500000000001,8.966666666666667,2.0,4.0,0,0,0
1,0,0.8199999999999932,0.05700000000000216,0.04200000000000159,0.06499999999999773,0,0,1,0.0,0.0,9418,0,60.96666666666667,66.73833333333333,1014.5333333333333,13.016666666666666,4.0,7.0,0,0,0
0,1,0.5369999999999919,0.18999999999999773,0.125,0.0870000000000033,0,0,1,1.0,1.0,9462,1,61.21666666666667,76.03666666666666,1007.7833333333333,13.15,1.0,1.0,1,1,1
0,0,0.01300000000000523,0.054000000000002046,0.30999999999998806,0.017000000000010118,0,0,1,0.0,0.0,10594,0,83.7,50.24666666666667,1021.5333333333333,6.233333333333333,4.0,5.0,1,0,0
0,1,0.07199999999998852,0.007000000000005002,0.20699999999999363,0.2150000000000034,0,0,0,0.0,0.0,10608,1,83.36666666666666,78.37333333333333,1009.25,5.166666666666667,3.0,5.0,1,1,1
1,0,0.5810000000000031,0.03499999999999659,0.049000000000006594,0.10800000000000409,0,0,0,1.0,1.0,9490,1,78.75,57.98166666666666,1016.3833333333333,8.733333333333333,1.0,1.0,1,1,1
1,0,0.4410000000000025,0.08600000000001273,0.06399999999999295,0.05500000000000682,0,0,0,1.0,1.0,9504,0,90.38333333333333,73.72,1010.4,5.95,1.0,1.0,1,1,1
0,1,0.13000000000000966,0.00899999999998613,0.08299999999999841,0.13400000000001455,1,0,0,0.0,0.0,9502,0,85.5,47.593333333333334,1011.1166666666667,12.416666666666666,3.0,6.0,0,0,0
0,0,0.06700000000000728,0.030000000000001137,0.11899999999999977,0.04099999999999682,1,0,0,0.0,0.0,9509,0,76.3,30.86833333333333,1013.9,5.116666666666666,3.0,7.0,0,0,0
1,1,0.29399999999999693,0.3229999999999933,0.043000000000006366,0.08199999999999363,1,0,0,1.0,1.0,9532,0,68.55,60.09166666666667,1018.9166666666666,12.466666666666667,1.0,1.0,1,1,1
1,1,0.04400000000001114,0.333999999999989,0.007999999999995566,0.12700000000000955,1,0,0,0.0,0.0,9530,0,63.15,48.69,1012.95,9.8,3.0,7.0,0,0,0
1,1,0.13900000000001,0.1979999999999933,0.006000000000000227,0.028000000000005798,0,0,0,1.0,1.0,9553,0,80.5,50.385,1014.7666666666668,10.083333333333334,1.0,1.0,1,1,1
0,0,0.22799999999999443,0.07800000000000296,0.02200000000000557,0.030000000000001137,0,0,0,1.0,1.0,9650,0,64.60000000000001,49.32666666666666,1017.5166666666668,5.666666666666667,1.0,1.0,1,1,1
1,1,0.3189999999999884,0.016000000000005343,0.03900000000000148,0.242999999999995,0,0,0,1.0,1.0,9657,0,78.2,51.54666666666666,1012.4333333333334,10.333333333333334,1.0,1.0,0,1,1
0,0,0.27000000000001023,0.08899999999999864,0.04099999999999682,0.12000000000000455,0,1,0,1.0,1.0,9672,0,68.5,48.43333333333334,1021.2666666666668,6.1499999999999995,1.0,1.0,0,0,0
1,1,0.0660000000000025,0.2259999999999991,0.19299999999999784,0.0040000000000048885,0,0,0,1.0,1.0,9686,0,69.46666666666667,55.75333333333333,1016.7166666666667,6.583333333333333,1.0,1.0,1,1,1
1,1,0.32200000000000273,0.16599999999999682,0.016999999999995907,0.10800000000000409,0,0,0,1.0,1.0,9700,0,65.91666666666667,69.14166666666667,1011.5,8.2,1.0,1.0,0,1,1
1,0,0.14100000000000534,0.07299999999999329,0.005000000000009663,0.13399999999998613,1,0,0,1.0,1.0,9714,0,84.21666666666667,56.004999999999995,1016.8166666666666,13.766666666666666,1.0,1.0,1,0,0
1,1,0.07399999999999807,0.017000000000010118,0.13299999999999557,0.26300000000000523,0,0,1,1.0,1.0,9728,0,74.86666666666666,58.296666666666674,1010.7833333333333,5.416666666666667,1.0,1.0,1,1,1
0,0,0.15400000000001057,0.09399999999999409,0.02400000000000091,0.0010000000000047748,0,0,1,0.0,0.0,9719,0,69.91666666666667,70.32666666666667,1018.7833333333333,7.016666666666667,2.0,2.0,1,1,1
0,1,0.0,0.021000000000000796,0.08199999999999363,0.07500000000000284,1,0,0,0.0,0.0,9611,1,60.68333333333334,80.71499999999999,997.5,3.766666666666667,4.0,7.0,1,0,0
0,0,0.020000000000010232,0.2979999999999876,0.0020000000000095497,0.027999999999991587,0,0,1,0.0,0.0,8989,0,73.51666666666667,61.73166666666666,1015.1833333333334,9.633333333333333,3.0,3.0,0,0,0
0,1,0.4040000000000106,0.12199999999999989,0.01099999999999568,0.05200000000000671,0,0,1,1.0,1.0,9770,0,82.61666666666667,40.31333333333333,1006.3833333333333,12.549999999999999,1.0,1.0,1,1,0
0,0,0.17099999999999227,0.04000000000000625,0.17300000000000182,0.033999999999991815,0,0,1,0.0,0.0,9639,1,61.51666666666667,63.03333333333333,1008.65,9.183333333333334,4.0,7.0,0,0,0
