dif_seconds_quali_first_second,dif_seconds_quali_second_third,dif_seconds_quali_third_fourth,dif_seconds_qualif_fourth_fifth,driverAge,avg_temp,avg_humidity,avg_pressure,avg_wind_speed,constructorPositionPreRace,driverPositionPreRace,finished_first_q1,finished_first_q2,isAmericas,isAustralia,isEurope,is_reigning_constructor_champion,is_reigning_driver_champion,hadRain,finishedFirst
0.1409999999999911,0.3660000000000138,0.6089999999999947,0.0240000000000009,8290.0,87.91666666666667,35.291666666666664,1012.55,7.833333333333333,1.0,1.0,0.0,1.0,0.0,0.0,0.0,0.0,0.0,0.0,n
0.1159999999999996,0.0760000000000076,0.563999999999993,0.1620000000000061,8304.0,75.39999999999999,49.16833333333333,1009.6166666666668,13.166666666666666,4.0,4.0,1.0,1.0,0.0,1.0,0.0,0.0,0.0,0.0,n
1.3460000000000036,0.1159999999999996,0.125,0.0870000000000033,12273.0,88.10000000000001,67.86,1007.6,8.783333333333333,5.0,10.0,0.0,0.0,0.0,0.0,0.0,0.0,0.0,0.0,n
0.25,0.1050000000000039,0.0100000000000051,0.0559999999999973,8325.0,67.35000000000001,73.27499999999999,1016.2666666666668,15.633333333333333,3.0,3.0,0.0,0.0,0.0,0.0,0.0,0.0,0.0,0.0,n
0.1059999999999945,0.7280000000000086,0.1079999999999898,0.054000000000002,12308.0,66.35000000000001,61.245000000000005,1006.7333333333332,8.6,3.0,8.0,1.0,1.0,0.0,0.0,1.0,0.0,0.0,0.0,y
0.2940000000000111,0.1069999999999993,0.0559999999999973,0.1490000000000009,12315.0,66.83333333333333,58.085,1008.9166666666666,11.183333333333332,3.0,4.0,0.0,0.0,0.0,0.0,1.0,0.0,0.0,0.0,y
0.137999999999991,0.3270000000000124,0.0210000000000007,0.0759999999999934,12329.0,81.38333333333334,45.446666666666665,1013.75,6.483333333333333,1.0,1.0,0.0,0.0,0.0,0.0,0.0,0.0,0.0,0.0,n
0.2680000000000007,0.046999999999997,0.0150000000000005,0.0849999999999937,9288.0,73.60000000000001,57.90833333333333,1013.5333333333332,4.816666666666667,1.0,3.0,1.0,1.0,1.0,0.0,0.0,0.0,0.0,0.0,y
0.0750000000000028,0.3069999999999879,0.1060000000000087,0.0520000000000067,8395.0,83.76666666666667,28.68166666666667,1016.6833333333334,8.583333333333334,2.0,5.0,1.0,1.0,0.0,0.0,1.0,0.0,0.0,0.0,y
0.1430000000000006,0.6680000000000064,0.1299999999999954,0.0690000000000026,8409.0,71.66666666666667,43.875,1014.5166666666668,9.583333333333334,2.0,3.0,1.0,0.0,0.0,0.0,1.0,0.0,0.0,0.0,n
0.0020000000000095,0.4969999999999857,0.0570000000000021,0.0799999999999983,8423.0,67.8,58.09666666666666,1016.9833333333332,9.55,2.0,4.0,0.0,0.0,0.0,0.0,1.0,0.0,0.0,0.0,n
0.4110000000000013,0.8029999999999973,0.3440000000000083,0.1679999999999921,8430.0,83.13333333333334,51.505,1015.7666666666668,6.966666666666666,2.0,4.0,1.0,0.0,0.0,0.0,1.0,0.0,0.0,0.0,n
0.0850000000000079,0.2369999999999947,0.0270000000000152,0.0789999999999935,12420.0,54.35,77.14999999999999,1014.4,12.433333333333332,1.0,1.0,0.0,0.0,0.0,0.0,1.0,0.0,0.0,0.0,n
0.1219999999999998,0.2090000000000031,0.1399999999999863,0.1900000000000119,10637.0,74.3,49.51499999999999,1017.5166666666668,3.883333333333333,3.0,5.0,0.0,1.0,0.0,0.0,1.0,0.0,0.0,0.0,y
0.066999999999993,0.1140000000000043,0.3730000000000046,0.0330000000000012,10651.0,84.73333333333333,71.18666666666667,1009.1166666666668,1.55,3.0,3.0,1.0,0.0,0.0,0.0,0.0,0.0,0.0,0.0,y
0.068000000000012,0.3159999999999883,0.0619999999999976,0.1210000000000093,8500.0,75.66666666666667,59.12166666666667,1007.9833333333332,10.35,1.0,4.0,1.0,1.0,0.0,0.0,0.0,0.0,0.0,1.0,y
0.0739999999999838,0.1069999999999993,0.2960000000000065,0.472999999999999,8514.0,66.28333333333333,89.00666666666666,1011.4,3.9166666666666665,1.0,3.0,0.0,0.0,0.0,0.0,0.0,0.0,0.0,0.0,n
1.0490000000000066,0.117999999999995,0.1099999999999994,0.2420000000000044,8481.0,76.51666666666667,51.48833333333334,1014.3666666666668,7.366666666666667,7.0,15.0,0.0,0.0,1.0,0.0,0.0,0.0,0.0,0.0,n
0.0309999999999917,0.3670000000000044,0.0310000000000059,0.1019999999999896,8535.0,83.36666666666666,55.09666666666666,1012.7833333333332,11.016666666666666,1.0,3.0,0.0,1.0,0.0,0.0,0.0,0.0,0.0,0.0,y
0.7780000000000058,0.0879999999999938,0.3840000000000003,0.1950000000000074,8668.0,63.01666666666667,64.80333333333333,1025.6166666666666,8.35,1.0,1.0,1.0,1.0,0.0,1.0,0.0,1.0,1.0,0.0,y
0.103999999999985,0.2050000000000125,0.0210000000000007,0.6019999999999897,8682.0,82.68333333333334,82.02166666666666,1009.75,4.4,1.0,1.0,0.0,0.0,0.0,0.0,0.0,1.0,1.0,1.0,y
0.7149999999999892,0.0420000000000015,0.2070000000000078,0.448999999999998,8689.0,66.55,33.65333333333333,1007.7166666666668,8.75,1.0,1.0,0.0,0.0,0.0,0.0,0.0,1.0,1.0,0.0,n
0.4050000000000011,0.1199999999999903,0.0210000000000007,0.2560000000000002,8710.0,60.083333333333336,50.28333333333333,1016.6,13.283333333333331,1.0,1.0,1.0,1.0,0.0,0.0,0.0,1.0,1.0,0.0,y
0.2000000000000028,0.7800000000000011,0.0030000000000001,0.0319999999999964,12686.0,77.95,32.151666666666664,1020.0,7.75,1.0,3.0,0.0,0.0,0.0,0.0,1.0,0.0,0.0,0.0,n
0.4410000000000025,0.0220000000000055,0.4639999999999986,0.198999999999998,8731.0,71.55,68.01333333333334,1018.7333333333332,5.95,1.0,1.0,0.0,1.0,0.0,0.0,1.0,1.0,1.0,0.0,y
0.1850000000000022,0.0180000000000006,0.2120000000000033,0.1359999999999956,8745.0,60.88333333333333,91.28833333333334,1008.7833333333332,4.783333333333333,1.0,1.0,0.0,0.0,1.0,0.0,0.0,1.0,1.0,1.0,n
0.1880000000000024,0.2169999999999987,0.0740000000000122,0.0809999999999888,8759.0,84.78333333333333,42.303333333333335,1020.6,10.0,1.0,1.0,0.0,1.0,0.0,0.0,1.0,1.0,1.0,0.0,y
0.0319999999999964,0.0849999999999937,0.6080000000000041,0.7740000000000009,12735.0,67.25,57.17,1017.1666666666666,5.066666666666666,1.0,3.0,1.0,0.0,0.0,0.0,1.0,0.0,0.0,0.0,n
0.0549999999999926,0.0820000000000078,0.2259999999999991,0.4679999999999893,12749.0,53.76666666666667,88.77,1010.3333333333334,11.433333333333332,1.0,2.0,0.0,0.0,0.0,0.0,1.0,0.0,0.0,1.0,n
0.1630000000000109,0.0459999999999922,0.3259999999999934,0.0150000000000005,8794.0,63.06666666666666,78.12666666666667,1011.2,11.383333333333333,1.0,1.0,0.0,0.0,0.0,0.0,1.0,1.0,1.0,1.0,n
0.4319999999999879,0.646000000000015,0.8799999999999955,0.2959999999999922,8822.0,56.73333333333333,64.94166666666666,1018.4,12.183333333333332,1.0,1.0,0.0,0.0,0.0,0.0,1.0,1.0,1.0,0.0,y
0.4499999999999886,0.0520000000000067,0.0640000000000071,0.1310000000000002,8836.0,82.60000000000001,53.02666666666667,1015.6,4.0,1.0,1.0,0.0,1.0,0.0,0.0,1.0,1.0,1.0,0.0,y
0.3509999999999991,0.0720000000000027,0.0049999999999954,0.0649999999999977,8850.0,85.03333333333335,75.52666666666666,1009.5,4.833333333333333,1.0,1.0,1.0,1.0,0.0,0.0,0.0,1.0,1.0,0.0,y
0.0089999999999861,0.1420000000000101,0.1869999999999976,0.0819999999999936,8864.0,71.28333333333335,47.47666666666667,1022.9333333333334,4.966666666666666,1.0,1.0,0.0,0.0,0.0,0.0,0.0,1.0,1.0,0.0,n
0.2220000000000084,0.0840000000000031,0.3419999999999987,0.3629999999999995,9778.0,66.39999999999999,55.76166666666666,1012.2,12.866666666666667,2.0,5.0,1.0,1.0,0.0,0.0,0.0,0.0,0.0,0.0,n
0.2960000000000065,0.0339999999999918,0.0110000000000098,0.4309999999999974,8885.0,83.73333333333333,31.646666666666665,1010.2333333333332,6.05,1.0,1.0,1.0,1.0,0.0,0.0,0.0,1.0,1.0,0.0,y
0.1410000000000053,0.0090000000000003,0.2270000000000038,0.1999999999999886,8899.0,78.36666666666666,59.11166666666667,1013.5333333333332,7.083333333333333,1.0,1.0,0.0,0.0,0.0,0.0,0.0,1.0,1.0,0.0,n
0.1809999999999973,0.1839999999999975,0.1970000000000027,0.11099999999999,8913.0,75.5,65.545,1015.5,8.950000000000001,1.0,1.0,0.0,1.0,1.0,0.0,0.0,1.0,1.0,0.0,n
0.152000000000001,0.2279999999999944,0.034000000000006,0.3149999999999977,9932.0,67.88333333333334,62.43333333333334,1023.0333333333332,11.866666666666667,2.0,5.0,0.0,0.0,0.0,1.0,0.0,0.0,0.0,0.0,n
0.1490000000000009,0.0229999999999961,0.0700000000000073,0.0,9939.0,81.83333333333333,85.07833333333333,1008.9,7.683333333333334,1.0,3.0,0.0,0.0,0.0,0.0,0.0,0.0,0.0,0.0,n
0.5049999999999955,0.0649999999999977,0.0929999999999893,0.1140000000000043,9789.0,67.13333333333334,55.321666666666665,1010.75,4.883333333333334,9.0,15.0,0.0,1.0,0.0,0.0,0.0,0.0,0.0,0.0,y
0.0980000000000131,0.1169999999999902,0.073999999999998,0.1099999999999994,9060.0,80.16666666666667,36.30166666666667,1008.65,13.166666666666666,2.0,5.0,0.0,0.0,0.0,0.0,0.0,1.0,1.0,0.0,y
0.578000000000003,0.0169999999999959,0.1220000000000141,0.0629999999999881,9927.0,72.23333333333333,65.79166666666667,1018.3666666666668,9.6,7.0,14.0,0.0,1.0,0.0,0.0,1.0,0.0,0.0,1.0,y
0.0799999999999983,0.0670000000000072,0.1349999999999909,0.0559999999999973,13057.0,67.95,70.24833333333333,1017.4333333333334,6.066666666666666,1.0,5.0,0.0,0.0,0.0,0.0,1.0,0.0,0.0,1.0,y
0.3029999999999972,0.0639999999999929,0.1950000000000074,0.0649999999999977,9109.0,77.51666666666667,33.19,1018.6833333333334,3.533333333333333,1.0,2.0,1.0,1.0,1.0,0.0,0.0,1.0,1.0,0.0,n
0.323999999999998,0.0649999999999977,0.0300000000000011,0.0080000000000097,9123.0,84.3,44.36000000000001,1020.1,12.2,1.0,3.0,0.0,0.0,0.0,0.0,1.0,1.0,1.0,0.0,n
0.046999999999997,0.2270000000000038,0.1789999999999878,0.8659999999999997,11302.0,62.76666666666667,79.70666666666666,1006.1,7.933333333333334,4.0,1.0,0.0,0.0,0.0,0.0,1.0,0.0,0.0,1.0,n
0.4050000000000011,0.4699999999999988,0.962999999999994,1.0420000000000016,11316.0,66.6,45.830000000000005,1027.7,5.983333333333333,2.0,1.0,1.0,0.0,0.0,0.0,1.0,0.0,0.0,0.0,y
0.4129999999999967,0.0499999999999971,0.1670000000000016,0.1470000000000055,10065.0,87.26666666666667,48.79,1009.4333333333334,5.083333333333333,3.0,5.0,1.0,1.0,0.0,0.0,1.0,0.0,0.0,1.0,y
0.2980000000000018,0.0219999999999913,0.3119999999999976,0.0139999999999957,11915.0,64.03333333333333,51.26166666666666,1024.5666666666666,6.05,2.0,7.0,0.0,1.0,0.0,0.0,1.0,0.0,0.0,0.0,y
0.1229999999999904,0.1140000000000043,0.0570000000000021,0.23599999999999,10107.0,81.8,44.685,1017.7666666666664,3.3166666666666664,2.0,5.0,1.0,0.0,0.0,0.0,1.0,0.0,0.0,0.0,y
0.4420000000000073,0.100999999999999,0.0339999999999918,0.2770000000000152,10121.0,84.41666666666667,75.37666666666667,1009.1,4.666666666666667,2.0,2.0,0.0,1.0,0.0,0.0,0.0,0.0,0.0,0.0,n
0.2510000000000048,0.1999999999999886,0.4100000000000108,0.1979999999999933,9228.0,75.38333333333334,49.711666666666666,1014.6833333333334,9.283333333333331,1.0,2.0,0.0,1.0,0.0,0.0,0.0,1.0,1.0,0.0,y
0.0740000000000122,0.1529999999999916,0.0649999999999977,0.0910000000000081,13197.0,70.05,68.70333333333333,1018.0333333333332,10.233333333333333,1.0,5.0,0.0,0.0,0.0,0.0,0.0,0.0,0.0,0.0,n
0.0439999999999969,0.2169999999999987,0.1149999999999948,0.1140000000000043,9249.0,81.85000000000001,32.803333333333335,1014.04,4.683333333333334,1.0,1.0,1.0,1.0,0.0,0.0,0.0,1.0,1.0,0.0,y
0.3480000000000132,0.0949999999999988,0.1529999999999916,0.0339999999999918,10163.0,85.60000000000001,52.870000000000005,1012.2666666666668,12.833333333333334,3.0,5.0,1.0,1.0,0.0,0.0,0.0,0.0,0.0,0.0,n
0.1089999999999946,0.4080000000000154,0.4129999999999967,0.1209999999999951,9270.0,71.35000000000001,40.193333333333335,1023.3333333333334,9.366666666666667,1.0,1.0,1.0,1.0,1.0,0.0,0.0,1.0,1.0,0.0,n
0.0550000000000068,0.0679999999999978,0.179000000000002,0.2269999999999896,10184.0,67.51666666666667,76.67166666666667,1017.1166666666668,12.033333333333331,3.0,4.0,1.0,0.0,1.0,0.0,0.0,0.0,0.0,0.0,n
0.4200000000000017,0.2600000000000051,0.4029999999999916,0.0030000000000001,9389.0,60.36666666666667,53.48333333333333,1023.5666666666666,16.0,1.0,1.0,0.0,0.0,0.0,1.0,0.0,1.0,1.0,0.0,n
0.9129999999999968,0.1400000000000005,0.9719999999999942,0.5450000000000017,9396.0,86.86666666666667,70.14,1006.55,5.55,3.0,3.0,0.0,0.0,0.0,0.0,0.0,1.0,1.0,1.0,y
0.2769999999999868,0.027000000000001,0.0729999999999932,0.0720000000000027,10324.0,72.31666666666666,43.870000000000005,1010.05,16.483333333333334,4.0,4.0,1.0,1.0,0.0,0.0,0.0,0.0,0.0,0.0,n
0.2540000000000049,0.0829999999999984,0.0949999999999988,0.3160000000000025,10160.0,83.48333333333333,42.285,1003.6,20.48333333333333,4.0,7.0,0.0,0.0,0.0,0.0,0.0,0.0,0.0,0.0,n
0.2540000000000049,0.0819999999999936,0.1229999999999904,0.041000000000011,10181.0,64.78333333333333,59.86833333333333,1020.55,9.033333333333331,4.0,9.0,0.0,0.0,0.0,0.0,1.0,0.0,0.0,0.0,n
0.0909999999999939,0.0130000000000052,0.2009999999999934,0.6410000000000053,10195.0,62.46666666666667,52.39833333333333,1012.7,9.2,4.0,9.0,0.0,0.0,0.0,0.0,1.0,0.0,0.0,0.0,y
0.0870000000000033,0.3849999999999909,0.1110000000000042,0.2000000000000028,9473.0,71.8,52.345,1018.0,6.75,1.0,1.0,1.0,0.0,1.0,0.0,0.0,1.0,1.0,0.0,y
0.4519999999999982,0.152000000000001,0.0090000000000003,0.5160000000000053,10401.0,68.83333333333333,65.185,1020.6,12.166666666666666,3.0,4.0,1.0,0.0,0.0,0.0,1.0,0.0,0.0,0.0,n
0.1030000000000086,0.1069999999999993,0.2839999999999918,0.0670000000000072,10408.0,75.63333333333334,47.64666666666667,1027.8166666666666,12.116666666666667,2.0,4.0,0.0,0.0,0.0,0.0,1.0,0.0,0.0,0.0,n
0.0379999999999967,0.1689999999999969,0.125,0.0709999999999979,10429.0,95.51666666666668,25.016666666666666,1014.2166666666668,9.333333333333334,1.0,1.0,0.0,0.0,0.0,0.0,1.0,0.0,0.0,0.0,y
0.1880000000000024,0.125,0.926000000000002,0.0809999999999888,10457.0,60.71666666666667,77.81,1012.5,4.683333333333334,2.0,4.0,1.0,0.0,0.0,0.0,1.0,0.0,0.0,0.0,n
0.213000000000008,0.0969999999999942,0.0670000000000072,0.0099999999999909,9564.0,73.11666666666666,73.985,1018.3666666666668,8.85,1.0,1.0,1.0,1.0,0.0,0.0,1.0,1.0,1.0,1.0,y
0.0909999999999939,0.1259999999999905,0.0940000000000083,0.1019999999999896,9578.0,85.06666666666666,70.20166666666667,1008.05,8.816666666666666,1.0,1.0,0.0,1.0,0.0,0.0,0.0,1.0,1.0,0.0,y
0.2180000000000035,0.0439999999999969,0.0670000000000072,0.1479999999999961,9592.0,77.75,73.05499999999999,1019.25,8.066666666666666,1.0,1.0,0.0,1.0,0.0,0.0,0.0,1.0,1.0,0.0,y
0.1740000000000066,0.1640000000000014,0.1119999999999947,0.0130000000000052,13561.0,73.89999999999999,40.97833333333333,1018.4833333333332,9.016666666666667,1.0,5.0,0.0,0.0,0.0,0.0,0.0,0.0,0.0,0.0,n
0.7519999999999953,0.0700000000000073,0.1059999999999945,0.1539999999999963,9613.0,83.39999999999999,38.975,1009.7333333333332,5.916666666666667,1.0,1.0,0.0,1.0,0.0,0.0,0.0,1.0,1.0,0.0,y
0.1180000000000092,0.3439999999999941,0.0820000000000078,0.0409999999999968,13582.0,89.78333333333335,44.78333333333333,1011.9166666666666,7.899999999999999,1.0,5.0,0.0,0.0,0.0,0.0,0.0,0.0,0.0,0.0,n
0.1030000000000086,0.7139999999999986,0.1409999999999911,0.0490000000000065,9634.0,84.58333333333333,55.50666666666667,1009.4,5.716666666666668,1.0,1.0,0.0,1.0,1.0,0.0,0.0,1.0,1.0,0.0,y
0.6230000000000047,0.4369999999999976,0.0330000000000012,0.1049999999999897,9641.0,69.4,79.76166666666667,1018.0166666666668,11.233333333333334,1.0,1.0,0.0,1.0,1.0,0.0,0.0,1.0,1.0,0.0,y
0.3170000000000073,0.046999999999997,1.1500000000000057,0.073999999999998,10660.0,64.38333333333334,43.16333333333333,1006.6,15.716666666666669,2.0,4.0,0.0,0.0,0.0,1.0,0.0,0.0,0.0,1.0,n
0.0549999999999926,0.5640000000000072,0.125,0.3659999999999996,10674.0,89.31666666666666,63.29,1005.9333333333334,7.483333333333333,2.0,19.0,0.0,1.0,0.0,0.0,0.0,0.0,0.0,0.0,y
0.2789999999999963,0.5870000000000033,0.1959999999999979,0.0990000000000037,10510.0,75.08333333333333,35.21333333333333,1017.3666666666668,14.15,1.0,1.0,0.0,1.0,0.0,0.0,0.0,0.0,0.0,0.0,n
0.5949999999999989,0.5050000000000097,0.1829999999999927,0.4939999999999998,10695.0,61.5,68.48,1016.3166666666666,8.766666666666667,1.0,2.0,1.0,1.0,0.0,0.0,0.0,0.0,0.0,1.0,y
0.1680000000000063,0.8849999999999909,0.3470000000000084,0.3280000000000029,10716.0,72.56666666666666,54.745000000000005,1016.1,11.366666666666667,1.0,2.0,0.0,0.0,0.0,0.0,1.0,0.0,0.0,0.0,y
0.0589999999999975,0.3359999999999985,0.1629999999999967,0.13900000000001,10559.0,67.06666666666666,58.73333333333333,1016.8833333333332,6.133333333333333,1.0,2.0,1.0,0.0,0.0,0.0,1.0,0.0,0.0,0.0,y
0.0790000000000077,0.5949999999999989,0.0019999999999953,0.0280000000000057,10573.0,80.46666666666667,38.528333333333336,1011.4333333333334,6.9,1.0,1.0,0.0,0.0,1.0,0.0,0.0,0.0,0.0,0.0,n
0.0870000000000033,0.0979999999999989,0.340999999999994,0.1809999999999973,12111.0,76.93333333333334,32.725,1015.3666666666668,5.216666666666666,6.0,11.0,0.0,0.0,0.0,0.0,1.0,0.0,0.0,0.0,n
1.6200000000000043,0.8140000000000072,0.1290000000000049,0.0879999999999938,10601.0,64.63333333333334,51.755,1004.4833333333332,8.966666666666667,1.0,1.0,1.0,1.0,0.0,0.0,1.0,0.0,0.0,0.0,n
0.2190000000000083,0.3190000000000026,0.1359999999999956,0.0589999999999975,10615.0,76.31666666666666,62.53833333333333,1010.8,5.783333333333334,1.0,1.0,1.0,1.0,0.0,0.0,1.0,0.0,0.0,0.0,y
0.48599999999999,0.1530000000000058,0.0369999999999919,0.5180000000000007,10622.0,76.75,70.14999999999999,1012.8333333333334,6.383333333333333,1.0,1.0,1.0,1.0,0.0,0.0,1.0,0.0,0.0,1.0,n
0.2280000000000086,1.897999999999996,0.0690000000000026,0.125,10650.0,56.8,62.74333333333334,1019.5,8.583333333333334,1.0,1.0,1.0,0.0,0.0,0.0,1.0,0.0,0.0,0.0,n
0.2739999999999867,0.3140000000000071,0.1679999999999921,0.448999999999998,10835.0,75.56666666666666,63.855,1013.45,4.15,1.0,2.0,1.0,1.0,0.0,0.0,1.0,0.0,0.0,0.0,y
0.007000000000005,0.1659999999999968,0.0480000000000018,0.0049999999999954,10849.0,85.08333333333333,66.09333333333333,1010.9,5.266666666666667,1.0,2.0,0.0,0.0,0.0,0.0,0.0,0.0,0.0,0.0,y
0.1970000000000027,0.4249999999999971,0.3990000000000009,0.213000000000008,10692.0,66.75,95.04833333333332,1012.3,2.8833333333333333,1.0,2.0,0.0,1.0,0.0,0.0,0.0,0.0,0.0,1.0,n
0.1999999999999886,0.2070000000000078,0.2010000000000076,0.1559999999999917,10870.0,70.28333333333333,60.86333333333334,1015.7666666666668,6.516666666666667,1.0,1.0,1.0,1.0,0.0,0.0,0.0,0.0,0.0,0.0,y
0.3759999999999905,0.463000000000008,0.2989999999999924,0.0390000000000014,10720.0,73.66666666666667,42.21333333333333,1022.6166666666668,15.083333333333334,1.0,2.0,0.0,1.0,1.0,0.0,0.0,0.0,0.0,0.0,n
0.0330000000000012,0.1910000000000025,0.0580000000000069,0.625,10727.0,74.95,58.27333333333333,1016.3333333333334,12.316666666666668,1.0,2.0,1.0,1.0,1.0,0.0,0.0,0.0,0.0,0.0,y
-0.159000000000006,-0.093999999999994,-0.7890000000000015,0.0,10741.0,79.95,65.045,1012.35,7.85,1.0,2.0,0.0,0.0,0.0,0.0,0.0,0.0,0.0,0.0,n
0.5939999999999941,0.7970000000000113,0.0390000000000014,0.032999999999987,11024.0,62.96666666666667,56.97833333333333,1016.9,13.516666666666666,1.0,1.0,1.0,1.0,0.0,1.0,0.0,1.0,1.0,0.0,y
0.073999999999998,0.3910000000000053,1.2419999999999902,0.4099999999999966,11038.0,91.58333333333331,59.12833333333333,1007.95,7.083333333333333,1.0,1.0,1.0,0.0,0.0,0.0,0.0,1.0,1.0,0.0,n
0.0460000000000064,0.8589999999999947,0.2670000000000101,0.1889999999999929,11052.0,68.68333333333334,41.071666666666665,1016.8666666666668,8.200000000000001,1.0,1.0,0.0,1.0,0.0,0.0,0.0,1.0,1.0,0.0,y
0.4110000000000013,0.1469999999999913,0.0980000000000131,0.1539999999999963,11059.0,77.86666666666666,37.443333333333335,1011.0,15.35,1.0,1.0,1.0,1.0,0.0,0.0,0.0,1.0,1.0,0.0,y
0.2670000000000101,0.5099999999999909,0.2360000000000042,0.441999999999993,10909.0,80.81666666666668,43.63333333333333,1023.2333333333332,9.25,1.0,2.0,0.0,1.0,0.0,0.0,1.0,0.0,0.0,0.0,y
0.3419999999999987,0.409000000000006,0.191999999999993,0.1410000000000053,11094.0,66.43333333333334,62.32333333333333,1015.6,7.233333333333333,1.0,1.0,0.0,0.0,0.0,0.0,1.0,1.0,1.0,0.0,n
0.3089999999999975,0.3119999999999976,0.088000000000008,0.0919999999999987,11108.0,69.35,30.83833333333333,1017.1833333333334,4.816666666666666,1.0,1.0,0.0,1.0,1.0,0.0,0.0,1.0,1.0,0.0,y
0.2000000000000028,0.1550000000000011,0.382000000000005,0.0859999999999985,11122.0,58.23333333333333,48.925,1018.0333333333332,3.583333333333333,1.0,1.0,0.0,0.0,0.0,0.0,1.0,1.0,1.0,0.0,n
0.1129999999999995,0.724000000000018,0.0639999999999929,0.2299999999999897,11136.0,64.93333333333334,61.72833333333333,1015.9666666666668,8.066666666666666,1.0,1.0,0.0,0.0,0.0,0.0,1.0,1.0,1.0,0.0,y
0.5750000000000028,0.1440000000000054,0.0349999999999965,0.2459999999999951,11157.0,75.16666666666667,36.78,1013.25,11.383333333333333,1.0,1.0,1.0,1.0,0.0,0.0,1.0,1.0,1.0,0.0,n
0.4579999999999984,0.882000000000005,0.0240000000000009,0.0379999999999824,11185.0,71.56666666666666,43.80666666666667,1004.7166666666668,15.6,1.0,1.0,1.0,0.0,0.0,0.0,1.0,1.0,1.0,0.0,y
0.2340000000000088,0.054000000000002,0.0180000000000006,0.2369999999999947,11199.0,70.21666666666665,39.63666666666666,1017.5166666666668,4.133333333333334,1.0,1.0,1.0,1.0,0.0,0.0,1.0,1.0,1.0,0.0,y
0.5430000000000064,0.2390000000000043,0.0780000000000029,0.5549999999999926,10306.0,86.0,72.35833333333333,1008.95,4.633333333333334,2.0,3.0,0.0,1.0,0.0,0.0,0.0,0.0,0.0,0.0,y
0.0759999999999934,0.3640000000000043,0.2210000000000036,0.0919999999999987,11049.0,80.11666666666666,55.07833333333334,1011.1833333333334,7.333333333333333,1.0,2.0,0.0,1.0,0.0,0.0,0.0,0.0,0.0,0.0,n
0.3199999999999932,0.4790000000000134,0.0529999999999972,0.3829999999999955,11063.0,64.38333333333334,46.64666666666667,1018.5,4.116666666666666,1.0,2.0,1.0,1.0,0.0,0.0,0.0,0.0,0.0,0.0,n
0.0,0.0,0.0,0.0,11077.0,62.5,86.13666666666667,1015.7833333333332,17.166666666666668,1.0,3.0,0.0,1.0,1.0,0.0,0.0,0.0,0.0,1.0,n
0.1880000000000024,0.1819999999999879,0.5480000000000018,0.0010000000000047,11084.0,70.85000000000001,50.09666666666666,1018.15,5.183333333333334,1.0,3.0,1.0,0.0,1.0,0.0,0.0,0.0,0.0,0.0,y
0.0780000000000029,0.4440000000000026,0.2810000000000059,0.0589999999999975,11098.0,77.89999999999999,64.395,1014.8666666666668,8.4,1.0,2.0,0.0,0.0,1.0,0.0,0.0,0.0,0.0,0.0,y
0.3770000000000095,0.4369999999999976,0.1329999999999955,0.2600000000000051,11112.0,79.41666666666667,56.375,1015.5166666666668,10.75,1.0,2.0,0.0,0.0,0.0,0.0,0.0,0.0,0.0,0.0,y
0.3599999999999994,0.4779999999999944,0.3580000000000041,0.4009999999999962,11395.0,70.63333333333334,42.855,1018.6333333333332,7.1000000000000005,1.0,1.0,1.0,1.0,0.0,1.0,0.0,1.0,1.0,0.0,n
0.0769999999999981,0.4420000000000073,0.2319999999999993,0.6099999999999994,11409.0,72.73333333333333,38.09166666666667,1015.9,7.433333333333334,1.0,2.0,0.0,1.0,0.0,0.0,0.0,1.0,1.0,0.0,n
0.5150000000000006,0.0550000000000068,0.2740000000000009,0.0499999999999829,11252.0,69.96666666666667,38.285,1014.7,9.566666666666666,1.0,1.0,0.0,0.0,0.0,0.0,0.0,0.0,0.0,0.0,y
0.7059999999999889,0.4130000000000109,0.1269999999999953,0.3529999999999944,11266.0,61.05,69.96166666666666,1019.15,7.433333333333334,1.0,1.0,1.0,1.0,0.0,0.0,0.0,0.0,0.0,0.0,y
0.2800000000000011,0.4000000000000057,0.4069999999999965,0.0259999999999962,11451.0,71.18333333333334,58.961666666666666,1017.2166666666668,9.416666666666666,1.0,2.0,0.0,1.0,0.0,0.0,1.0,1.0,1.0,0.0,n
0.1689999999999969,0.1510000000000104,0.6099999999999852,0.1740000000000066,9829.0,64.28333333333333,84.66166666666668,1008.3833333333332,9.183333333333332,3.0,5.0,0.0,0.0,0.0,0.0,1.0,0.0,0.0,1.0,n
0.0619999999999976,0.1159999999999996,0.1760000000000019,0.2480000000000046,11479.0,52.55,60.005,1004.9833333333332,7.616666666666667,1.0,2.0,0.0,1.0,1.0,0.0,0.0,1.0,1.0,0.0,y
0.7569999999999908,0.4510000000000076,0.0,0.3029999999999972,11315.0,85.85000000000001,46.575,1015.5166666666668,11.733333333333334,1.0,1.0,1.0,1.0,0.0,0.0,0.0,0.0,0.0,0.0,y
0.5430000000000064,0.8199999999999932,0.4960000000000093,0.1189999999999997,11500.0,59.56666666666666,68.06666666666666,1021.3,2.3,1.0,2.0,0.0,1.0,0.0,0.0,1.0,1.0,1.0,0.0,y
0.3189999999999884,0.7070000000000078,0.3049999999999926,0.2630000000000052,11507.0,67.53333333333333,72.11833333333333,1006.3166666666666,13.316666666666665,1.0,2.0,0.0,1.0,0.0,0.0,1.0,1.0,1.0,1.0,y
0.1430000000000006,0.171999999999997,0.277000000000001,0.316999999999993,11350.0,84.3,50.92333333333334,1016.75,5.016666666666667,1.0,1.0,1.0,0.0,0.0,0.0,1.0,0.0,0.0,0.0,n
0.1069999999999993,0.2560000000000002,0.108000000000004,0.3079999999999927,11357.0,74.58333333333333,49.825,1012.9333333333334,8.483333333333333,1.0,2.0,0.0,0.0,0.0,0.0,1.0,0.0,0.0,0.0,n
0.1490000000000009,0.0169999999999959,0.1980000000000075,0.108000000000004,11385.0,76.71666666666667,54.51833333333334,1014.0666666666666,12.183333333333332,1.0,2.0,0.0,1.0,0.0,0.0,1.0,0.0,0.0,0.0,y
0.4779999999999944,0.3590000000000088,0.0929999999999893,0.3230000000000075,11563.0,81.16666666666667,52.53833333333333,1015.8333333333334,3.9333333333333336,1.0,1.0,1.0,1.0,0.0,0.0,1.0,1.0,1.0,0.0,n
0.5310000000000059,0.1729999999999876,0.0400000000000062,0.211999999999989,11406.0,87.16666666666667,67.11,1007.9833333333336,4.15,1.0,2.0,0.0,1.0,0.0,0.0,0.0,0.0,0.0,0.0,y
0.4140000000000157,0.1559999999999917,0.046999999999997,0.1170000000000044,11591.0,91.71666666666664,55.775,1008.0666666666666,9.566666666666666,1.0,2.0,1.0,1.0,0.0,0.0,0.0,1.0,1.0,0.0,n
0.0130000000000052,0.2890000000000015,0.0789999999999935,0.1500000000000056,11427.0,70.01666666666667,59.31666666666666,1011.4,9.916666666666666,1.0,1.0,0.0,1.0,0.0,0.0,0.0,0.0,0.0,1.0,y
0.2160000000000081,0.2939999999999969,0.2379999999999995,0.3840000000000003,11612.0,81.38333333333333,42.43833333333333,1020.3166666666666,11.633333333333333,1.0,2.0,1.0,0.0,1.0,0.0,0.0,1.0,1.0,0.0,y
0.2539999999999907,0.0960000000000036,0.0789999999999935,0.1970000000000027,11619.0,66.98333333333333,49.03833333333333,1022.3833333333332,6.4,1.0,2.0,1.0,0.0,1.0,0.0,0.0,1.0,1.0,0.0,y
0.1019999999999896,0.5660000000000025,0.081000000000003,0.0100000000000051,11633.0,64.93333333333334,89.555,1015.75,8.283333333333333,1.0,2.0,1.0,1.0,1.0,0.0,0.0,1.0,1.0,0.0,y
0.3029999999999972,0.5310000000000059,0.0150000000000005,0.0570000000000021,11647.0,79.41666666666667,55.028333333333336,1015.1833333333334,9.966666666666669,1.0,2.0,1.0,1.0,0.0,0.0,0.0,1.0,1.0,0.0,y
0.2680000000000007,0.0249999999999914,0.5520000000000067,0.4519999999999982,11766.0,74.56666666666666,68.93166666666666,1011.95,6.816666666666666,1.0,2.0,1.0,0.0,0.0,1.0,0.0,0.0,0.0,0.0,n
0.186000000000007,0.0009999999999905,0.2750000000000057,0.8930000000000007,11780.0,54.63333333333333,88.23,1011.65,12.316666666666668,2.0,2.0,0.0,0.0,0.0,0.0,0.0,0.0,0.0,1.0,y
0.0229999999999961,0.4549999999999983,0.2980000000000018,0.0220000000000055,10093.0,78.64999999999999,57.76166666666666,1009.1,21.366666666666664,1.0,4.0,0.0,0.0,0.0,0.0,0.0,0.0,0.0,0.0,n
0.0589999999999975,0.0360000000000013,0.4779999999999944,1.1380000000000052,10894.0,74.8,40.19833333333333,1013.1166666666668,6.7,1.0,1.0,0.0,0.0,0.0,0.0,0.0,0.0,0.0,0.0,n
0.0510000000000019,0.1730000000000018,0.0659999999999882,0.2670000000000101,11815.0,74.63333333333334,45.79166666666666,1023.65,10.5,1.0,2.0,1.0,1.0,0.0,0.0,1.0,0.0,0.0,0.0,y
0.0430000000000063,0.0019999999999953,0.2729999999999961,0.5020000000000095,13738.0,76.0,54.285,1021.1,5.866666666666667,2.0,4.0,0.0,1.0,0.0,0.0,1.0,0.0,0.0,0.0,n
0.3299999999999983,0.387999999999991,0.0750000000000028,0.1510000000000104,11843.0,83.33333333333333,45.928333333333335,1007.9166666666666,8.883333333333333,2.0,2.0,0.0,1.0,1.0,0.0,0.0,0.0,0.0,0.0,y
0.4339999999999975,0.6659999999999968,0.1480000000000103,0.0379999999999824,11857.0,80.51666666666667,63.94833333333333,1011.05,11.85,1.0,2.0,1.0,1.0,0.0,0.0,0.0,0.0,0.0,0.0,n
0.0420000000000015,0.1310000000000002,0.3549999999999897,0.1170000000000044,10177.0,82.3,42.02166666666667,1011.65,6.7,1.0,3.0,0.0,1.0,0.0,0.0,1.0,0.0,0.0,0.0,y
0.546999999999997,0.2090000000000031,0.0200000000000102,0.7539999999999907,11878.0,70.68333333333334,75.07666666666667,1022.4666666666668,9.383333333333333,1.0,2.0,0.0,1.0,0.0,0.0,1.0,0.0,0.0,0.0,y
0.1680000000000063,0.0859999999999985,0.1769999999999925,0.0900000000000034,10985.0,86.43333333333334,37.03333333333333,1015.9166666666666,7.5,2.0,1.0,1.0,0.0,0.0,0.0,1.0,0.0,0.0,0.0,y
0.2420000000000044,0.2989999999999924,0.1760000000000161,0.1099999999999852,11920.0,69.56666666666666,68.70166666666667,1018.4166666666666,3.3833333333333333,1.0,2.0,1.0,1.0,0.0,0.0,1.0,0.0,0.0,0.0,y
1.147999999999996,0.13900000000001,0.1909999999999883,0.6869999999999976,11927.0,72.60000000000001,31.766666666666666,1011.0833333333334,4.233333333333333,1.0,2.0,1.0,1.0,0.0,0.0,1.0,0.0,0.0,0.0,y
0.3229999999999933,0.0260000000000104,0.2289999999999992,0.0570000000000021,11034.0,82.46666666666667,82.71833333333333,1011.75,6.95,2.0,2.0,0.0,0.0,0.0,0.0,0.0,0.0,0.0,1.0,n
0.0450000000000017,0.4200000000000017,0.054000000000002,0.1629999999999967,11955.0,86.56666666666666,72.64333333333333,1008.1333333333332,4.983333333333333,1.0,1.0,1.0,0.0,0.0,0.0,0.0,0.0,0.0,0.0,n
0.3319999999999936,0.1400000000000005,0.5150000000000006,0.0259999999999962,11962.0,77.10000000000001,64.72333333333333,1021.45,3.633333333333333,1.0,1.0,1.0,1.0,0.0,0.0,0.0,0.0,0.0,0.0,y
0.2390000000000043,0.2209999999999894,0.0090000000000003,0.0,11976.0,75.06666666666666,54.68833333333333,1019.5333333333332,13.233333333333334,1.0,1.0,1.0,1.0,1.0,0.0,0.0,0.0,0.0,0.0,y
0.0859999999999985,0.3599999999999994,0.0240000000000009,0.2800000000000011,11076.0,69.83333333333333,46.48,1016.2333333333332,3.9166666666666665,2.0,2.0,0.0,0.0,1.0,0.0,0.0,0.0,0.0,0.0,n
0.0379999999999967,0.1779999999999972,0.3870000000000004,0.4050000000000011,10303.0,80.21666666666667,28.885,1010.2,9.5,1.0,3.0,0.0,0.0,1.0,0.0,0.0,0.0,0.0,0.0,n
0.171999999999997,0.3740000000000094,0.1820000000000021,0.0259999999999962,10317.0,76.46666666666667,53.46,1018.3666666666668,9.233333333333333,1.0,3.0,1.0,0.0,0.0,0.0,0.0,0.0,0.0,0.0,y
0.6640000000000015,0.0099999999999909,0.041000000000011,0.2729999999999961,12130.0,74.38,35.324,998.44,10.94,1.0,1.0,1.0,0.0,0.0,1.0,0.0,1.0,1.0,0.0,n
0.1430000000000006,0.0229999999999961,0.0960000000000036,0.1779999999999972,11237.0,78.96000000000001,62.408,1010.14,7.720000000000001,1.0,1.0,0.0,1.0,0.0,0.0,0.0,0.0,0.0,0.0,y
0.0870000000000033,0.4429999999999978,0.0499999999999971,0.1209999999999951,11244.0,66.97999999999999,29.168,1018.36,9.86,1.0,1.0,1.0,0.0,0.0,0.0,0.0,0.0,0.0,0.0,n
0.179000000000002,0.1600000000000108,0.073999999999998,0.0829999999999984,11258.0,58.96,61.292,1020.1,27.1,2.0,1.0,0.0,0.0,0.0,0.0,0.0,0.0,0.0,0.0,n
0.039999999999992,0.0920000000000129,0.3069999999999879,0.2040000000000077,12179.0,59.34,60.206,1015.3,9.46,2.0,1.0,0.0,0.0,0.0,0.0,1.0,1.0,1.0,1.0,y
0.2289999999999992,0.1929999999999978,0.034000000000006,0.1749999999999971,10557.0,74.84,65.316,1016.04,8.78,3.0,5.0,1.0,1.0,0.0,0.0,1.0,0.0,0.0,0.0,y
0.0930000000000035,0.0799999999999983,0.0589999999999975,0.0990000000000037,11300.0,65.34,33.048,1018.98,4.0,2.0,2.0,1.0,0.0,1.0,0.0,0.0,0.0,0.0,0.0,y
0.117999999999995,0.2530000000000143,0.3049999999999926,0.1899999999999977,12221.0,78.94,53.582,1015.12,9.48,1.0,2.0,1.0,1.0,0.0,0.0,1.0,1.0,1.0,0.0,y
0.0189999999999983,0.3149999999999977,0.1959999999999979,0.1800000000000068,10534.0,65.58,51.764,1011.36,8.72,1.0,4.0,0.0,0.0,0.0,0.0,1.0,0.0,0.0,0.0,n
0.0440000000000111,0.0539999999999878,0.2270000000000038,0.3850000000000051,12235.0,83.05999999999999,37.324,1025.44,8.879999999999999,2.0,2.0,0.0,1.0,0.0,0.0,1.0,1.0,1.0,0.0,n
0.2039999999999935,0.1310000000000002,0.2750000000000057,0.3780000000000001,11342.0,74.36,66.3,1013.56,6.5200000000000005,1.0,1.0,0.0,0.0,0.0,0.0,1.0,0.0,0.0,1.0,n
0.2600000000000051,0.0,0.0240000000000009,0.532999999999987,12256.0,90.58,38.374,1010.82,5.7,1.0,1.0,0.0,0.0,0.0,0.0,1.0,1.0,1.0,0.0,y
0.7259999999999991,2.945999999999998,0.0430000000000063,0.2279999999999944,12284.0,60.36,43.488,1015.34,5.74,1.0,1.0,1.0,0.0,0.0,0.0,1.0,1.0,1.0,0.0,n
0.1610000000000013,0.0139999999999957,0.362000000000009,0.958999999999989,14200.0,67.26,72.764,1016.62,6.5,2.0,3.0,0.0,0.0,0.0,0.0,1.0,0.0,0.0,1.0,n
0.3190000000000026,0.2939999999999969,0.073999999999998,0.0919999999999987,12305.0,84.17999999999999,66.888,1008.0,6.44,1.0,1.0,0.0,0.0,0.0,0.0,0.0,1.0,1.0,1.0,y
0.144999999999996,0.4110000000000013,0.2939999999999969,0.9440000000000026,10625.0,73.7,70.276,1017.1,5.58,1.0,4.0,0.0,0.0,0.0,0.0,0.0,0.0,0.0,0.0,n
0.2989999999999924,0.9980000000000048,0.4639999999999986,0.2399999999999948,12326.0,78.92,57.75,1011.64,8.540000000000001,1.0,1.0,1.0,0.0,0.0,0.0,0.0,1.0,1.0,0.0,y
0.061000000000007,0.0090000000000003,0.3089999999999975,0.8780000000000001,12340.0,71.5,39.998000000000005,1024.0,11.36,1.0,1.0,1.0,0.0,1.0,0.0,0.0,1.0,1.0,0.0,n
0.0259999999999962,0.1090000000000088,0.0759999999999934,0.1899999999999977,10711.0,69.66,56.304,1016.32,5.3,3.0,6.0,0.0,0.0,1.0,0.0,0.0,0.0,0.0,0.0,n
0.0929999999999893,0.0670000000000072,0.0150000000000005,0.3220000000000027,12361.0,74.6,73.038,1014.4,12.88,1.0,1.0,0.0,0.0,1.0,0.0,0.0,1.0,1.0,0.0,y
0.1620000000000061,0.1689999999999969,0.2400000000000091,0.0360000000000013,12375.0,85.24,52.236,1013.42,14.38,1.0,1.0,0.0,1.0,0.0,0.0,0.0,1.0,1.0,1.0,y
0.1119999999999947,0.5919999999999987,0.1299999999999954,0.1220000000000141,12487.0,73.96000000000001,67.92,1015.98,7.040000000000001,1.0,1.0,0.0,1.0,0.0,1.0,0.0,1.0,1.0,0.0,n
0.2939999999999969,0.0300000000000011,0.0660000000000025,0.4959999999999951,7836.0,77.25999999999999,60.292,1004.32,20.9,2.0,5.0,1.0,1.0,0.0,0.0,0.0,0.0,0.0,0.0,n
0.0229999999999961,0.2780000000000058,0.0169999999999959,0.2240000000000037,10821.0,64.86,53.862,1019.22,15.28,1.0,1.0,1.0,0.0,0.0,0.0,0.0,0.0,0.0,0.0,n
0.0589999999999975,0.242999999999995,0.2720000000000055,0.5240000000000009,10835.0,65.14,50.218,1010.16,17.86,1.0,2.0,0.0,0.0,0.0,0.0,0.0,0.0,0.0,0.0,y
0.6339999999999861,0.2319999999999993,0.0850000000000079,0.2309999999999945,10849.0,68.84,52.04,1020.48,11.38,1.0,1.0,1.0,1.0,0.0,0.0,1.0,0.0,0.0,0.0,n
0.0859999999999985,0.38900000000001,0.3059999999999974,0.093999999999994,12557.0,69.16,67.862,1011.66,7.08,1.0,1.0,0.0,0.0,0.0,0.0,1.0,1.0,1.0,0.0,y
0.206000000000003,0.4740000000000037,0.1509999999999962,0.0080000000000097,11664.0,83.28,16.89,1023.2,4.6,2.0,3.0,1.0,0.0,1.0,0.0,0.0,0.0,0.0,0.0,n
0.2860000000000013,0.3599999999999994,0.4439999999999884,0.0090000000000145,12585.0,82.4,48.112,1014.46,12.06,1.0,1.0,0.0,0.0,0.0,0.0,1.0,1.0,1.0,0.0,y
0.2590000000000003,0.1769999999999996,0.0979999999999989,0.5350000000000037,7927.0,91.36,23.326,1014.02,8.1,2.0,5.0,0.0,1.0,0.0,0.0,1.0,0.0,0.0,0.0,n
0.0060000000000002,0.0729999999999932,0.1039999999999992,0.3140000000000071,10912.0,65.7,67.266,1023.88,7.26,1.0,2.0,0.0,0.0,0.0,0.0,1.0,0.0,0.0,0.0,n
0.3460000000000036,0.0160000000000053,0.3930000000000007,0.0159999999999911,12620.0,69.52000000000001,88.328,1002.76,8.38,1.0,1.0,0.0,1.0,0.0,0.0,1.0,1.0,1.0,1.0,n
0.0180000000000006,0.179000000000002,0.2740000000000009,0.0279999999999915,7978.0,77.17999999999999,39.524,1013.96,5.94,3.0,3.0,1.0,0.0,0.0,0.0,1.0,0.0,0.0,0.0,n
0.7479999999999905,0.0150000000000005,0.1329999999999955,0.2750000000000057,7990.0,59.9,66.732,1016.58,7.040000000000001,2.0,5.0,1.0,1.0,0.0,0.0,1.0,0.0,0.0,0.0,y
0.0390000000000014,0.0079999999999955,0.1029999999999944,0.382000000000005,7997.0,61.8,62.832,1010.48,5.3,2.0,5.0,1.0,0.0,0.0,0.0,1.0,0.0,0.0,1.0,y
0.1910000000000025,0.0289999999999963,0.3760000000000048,0.3329999999999984,8011.0,84.78,69.916,1010.8,8.24,2.0,4.0,0.0,1.0,0.0,0.0,0.0,0.0,0.0,0.0,n
0.402000000000001,0.0229999999999961,0.257000000000005,0.3220000000000027,8018.0,68.97999999999999,69.066,1016.66,6.08,2.0,3.0,0.0,1.0,0.0,0.0,0.0,0.0,0.0,1.0,n
0.1890000000000071,0.0400000000000062,0.0089999999999861,0.5490000000000066,11790.0,71.74,55.1,1014.12,10.28,2.0,5.0,0.0,0.0,0.0,0.0,0.0,0.0,0.0,0.0,n
0.2660000000000053,0.1460000000000008,0.0919999999999987,0.073999999999998,8046.0,72.52000000000001,55.588,1010.94,3.68,2.0,3.0,0.0,0.0,1.0,0.0,0.0,0.0,0.0,1.0,n
0.0120000000000004,0.5259999999999962,0.1490000000000009,0.2420000000000044,11269.0,80.64,37.652,1013.0,6.18,1.0,2.0,0.0,1.0,0.0,0.0,1.0,0.0,0.0,0.0,y
0.0120000000000004,0.0550000000000068,0.0409999999999968,0.1839999999999975,11024.0,71.82,28.536,1019.9,11.28,1.0,2.0,0.0,0.0,1.0,0.0,0.0,0.0,0.0,0.0,y
0.1230000000000046,0.0679999999999978,0.0289999999999963,0.1460000000000008,8083.0,68.5,63.228,1015.02,13.84,3.0,4.0,1.0,1.0,1.0,0.0,0.0,0.0,0.0,0.0,y
0.1940000000000026,0.166000000000011,0.079999999999984,0.1200000000000045,12746.0,78.46000000000001,61.106,1015.3,8.36,1.0,1.0,1.0,0.0,0.0,0.0,0.0,1.0,1.0,0.0,y
1.2160000000000082,0.1819999999999879,0.0300000000000011,0.2210000000000036,12970.0,65.72,39.65,1022.88,7.44,1.0,4.0,1.0,1.0,0.0,0.0,1.0,1.0,1.0,0.0,y
0.0,0.8229999999999933,0.1680000000000063,0.2289999999999992,12977.0,68.62,82.498,1013.64,4.82,1.0,2.0,0.0,1.0,0.0,0.0,1.0,1.0,1.0,1.0,y
0.3130000000000024,0.7090000000000032,0.1019999999999896,0.355000000000004,12991.0,69.84,47.444,1015.38,10.74,1.0,1.0,0.0,0.0,0.0,0.0,1.0,1.0,1.0,0.0,y
0.0630000000000023,0.8649999999999949,0.0940000000000083,0.1209999999999951,11304.0,78.42,58.688,1017.44,8.959999999999999,1.0,2.0,1.0,1.0,0.0,0.0,1.0,0.0,0.0,0.0,n
0.0589999999999975,0.6490000000000009,0.1899999999999977,0.1069999999999993,13005.0,82.96,65.788,1011.16,11.48,1.0,1.0,1.0,1.0,0.0,0.0,1.0,1.0,1.0,0.0,y
0.5109999999999957,0.0149999999999863,0.2830000000000154,0.2030000000000029,13019.0,60.46,67.894,1010.82,6.959999999999999,1.0,1.0,1.0,1.0,0.0,0.0,1.0,1.0,1.0,0.0,y
0.0690000000000026,0.7389999999999901,0.0250000000000056,0.0750000000000028,13026.0,78.54,47.124,1011.64,5.5600000000000005,1.0,1.0,1.0,0.0,0.0,0.0,1.0,1.0,1.0,0.0,n
0.0589999999999975,0.3059999999999974,0.4450000000000074,0.3159999999999883,13033.0,88.1,38.86,1022.48,9.52,1.0,1.0,0.0,1.0,0.0,0.0,1.0,1.0,1.0,0.0,y
0.5630000000000024,0.0889999999999986,0.3610000000000042,0.046999999999997,13047.0,82.5,48.948,1014.0,6.7,1.0,1.0,0.0,0.0,0.0,0.0,0.0,1.0,1.0,0.0,n
0.2560000000000002,0.0369999999999919,0.472999999999999,0.0120000000000004,11367.0,49.260000000000005,64.498,1019.92,5.18,1.0,2.0,0.0,0.0,0.0,0.0,1.0,0.0,0.0,0.0,n
-0.1499999999999914,-0.186000000000007,-0.1329999999999955,0.0,13075.0,67.82000000000001,78.676,1020.76,12.66,1.0,1.0,1.0,0.0,0.0,0.0,1.0,1.0,1.0,0.0,y
0.0970000000000084,0.4699999999999988,0.3259999999999934,0.0180000000000006,11388.0,60.4,84.178,1022.32,2.54,1.0,2.0,1.0,1.0,0.0,0.0,1.0,0.0,0.0,1.0,n
0.2900000000000062,1.2659999999999911,1.1270000000000095,1.1469999999999914,8053.0,57.760000000000005,70.51599999999999,1023.32,3.7,5.0,11.0,0.0,0.0,0.0,0.0,0.0,0.0,0.0,1.0,n
0.2890000000000015,0.125,0.5960000000000036,0.0480000000000018,13110.0,76.84,68.432,1015.64,5.48,1.0,1.0,1.0,1.0,0.0,0.0,0.0,1.0,1.0,0.0,y
0.0259999999999962,0.0300000000000011,0.1799999999999997,0.1769999999999996,11423.0,68.02000000000001,63.08,1015.26,15.68,1.0,2.0,1.0,0.0,0.0,0.0,0.0,0.0,0.0,0.0,n
0.0249999999999914,0.0609999999999928,0.1650000000000062,0.073999999999998,8475.0,73.2,53.67,1015.74,10.06,2.0,3.0,0.0,0.0,0.0,0.0,0.0,0.0,0.0,0.0,y
0.3880000000000052,0.2009999999999934,0.0919999999999987,0.1310000000000002,8580.0,69.58333333333333,49.64333333333334,1015.0833333333334,25.2,2.0,1.0,1.0,0.0,0.0,0.0,0.0,0.0,0.0,0.0,n
0.0349999999999965,0.0520000000000067,0.2419999999999902,0.0499999999999971,13250.0,56.28333333333333,51.57666666666666,1015.55,5.033333333333334,1.0,1.0,1.0,0.0,0.0,0.0,1.0,1.0,1.0,1.0,n
0.007000000000005,0.3909999999999911,0.1440000000000054,0.1490000000000009,11570.0,64.66666666666667,48.925,1017.0666666666666,14.983333333333334,1.0,5.0,1.0,0.0,0.0,0.0,1.0,0.0,0.0,0.0,n
0.0360000000000013,0.0960000000000036,0.6370000000000005,0.0699999999999931,13271.0,69.96666666666665,66.19,1007.0333333333332,8.299999999999999,1.0,1.0,0.0,0.0,0.0,0.0,1.0,1.0,1.0,0.0,y
0.2299999999999897,0.0250000000000056,0.0100000000000051,0.0090000000000003,8620.0,69.55,58.653333333333336,1014.4666666666668,17.033333333333335,4.0,5.0,0.0,1.0,0.0,0.0,1.0,0.0,0.0,0.0,n
0.2319999999999993,0.1129999999999995,0.0019999999999953,0.0109999999999956,8634.0,74.46666666666667,57.84166666666667,1011.7,13.3,4.0,6.0,0.0,0.0,0.0,0.0,0.0,0.0,0.0,0.0,n
0.2580000000000098,0.1280000000000001,0.0689999999999884,0.3950000000000102,8664.0,79.0,68.80333333333333,1008.9,14.616666666666667,1.0,1.0,1.0,0.0,0.0,0.0,1.0,0.0,0.0,1.0,y
0.1939999999999955,0.0320000000000106,0.0529999999999972,0.0480000000000018,8671.0,77.8,46.04166666666666,1013.2,5.25,1.0,1.0,1.0,0.0,0.0,0.0,1.0,0.0,0.0,0.0,y
0.0480000000000018,0.2220000000000013,0.0239999999999938,0.0350000000000108,8678.0,69.23333333333333,55.51666666666667,1010.3166666666666,2.7166666666666663,1.0,1.0,1.0,1.0,0.0,0.0,1.0,0.0,0.0,0.0,y
0.0750000000000028,0.1189999999999997,0.5,0.0159999999999911,8692.0,83.93333333333334,47.165,1023.8833333333332,4.433333333333334,1.0,1.0,1.0,0.0,0.0,0.0,1.0,0.0,0.0,0.0,n
0.3149999999999977,0.1060000000000087,0.5809999999999889,0.0620000000000118,13355.0,83.03333333333335,62.84166666666667,1004.5333333333332,7.033333333333334,2.0,2.0,0.0,0.0,0.0,0.0,1.0,1.0,1.0,1.0,n
0.3209999999999979,0.0130000000000052,0.7650000000000006,0.0709999999999979,8734.0,53.1,98.77666666666666,1019.1333333333332,8.85,2.0,2.0,1.0,0.0,0.0,0.0,1.0,0.0,0.0,1.0,y
0.0379999999999967,0.2989999999999924,0.2560000000000002,0.0490000000000065,8741.0,69.61666666666666,59.44166666666666,1021.65,8.299999999999999,2.0,2.0,0.0,1.0,0.0,0.0,1.0,0.0,0.0,0.0,y
0.0959999999999894,0.3150000000000119,0.0229999999999961,0.0060000000000002,8748.0,78.53333333333333,44.03,1015.3,4.4,2.0,1.0,0.0,0.0,0.0,0.0,1.0,0.0,0.0,0.0,n
0.5169999999999959,0.4730000000000132,1.066999999999993,0.1060000000000087,7988.0,63.13333333333333,69.60833333333333,1023.0666666666666,3.9166666666666665,3.0,4.0,0.0,0.0,0.0,0.0,0.0,0.0,0.0,1.0,n
0.1300000000000096,0.1979999999999933,0.0690000000000026,0.0609999999999928,11731.0,61.98333333333333,94.565,1020.85,14.016666666666666,1.0,3.0,0.0,0.0,0.0,0.0,0.0,0.0,0.0,1.0,y
0.2090000000000031,0.0150000000000005,0.340999999999994,0.1310000000000002,8790.0,82.86666666666667,62.26166666666666,1009.4,9.1,1.0,1.0,0.0,1.0,1.0,0.0,0.0,0.0,0.0,0.0,y
0.144999999999996,0.2049999999999983,0.1170000000000044,0.1140000000000043,11759.0,68.14999999999999,34.72833333333333,1019.8666666666668,5.3,1.0,3.0,1.0,0.0,1.0,0.0,0.0,0.0,0.0,0.0,n
0.4380000000000024,0.0969999999999942,0.01400000000001,0.2939999999999969,11766.0,72.10000000000001,56.22666666666667,1017.8166666666666,11.083333333333334,1.0,3.0,0.0,0.0,1.0,0.0,0.0,0.0,0.0,0.0,n
0.4549999999999983,0.1960000000000121,0.1619999999999919,0.0300000000000011,13467.0,80.38333333333334,68.62666666666667,1013.5833333333334,10.016666666666667,1.0,1.0,1.0,1.0,0.0,0.0,0.0,1.0,1.0,0.0,y
0.1110000000000042,0.0309999999999917,0.4010000000000104,0.0690000000000026,13481.0,82.84,69.25,1013.58,4.44,1.0,2.0,0.0,1.0,0.0,0.0,0.0,1.0,1.0,0.0,y
0.3709999999999951,0.4509999999999934,0.0160000000000053,0.0450000000000017,8839.0,76.05,55.75333333333333,1017.3666666666668,9.3,2.0,1.0,0.0,1.0,0.0,0.0,0.0,0.0,0.0,0.0,y
0.1230000000000046,0.0060000000000002,0.2339999999999946,0.3170000000000073,8921.0,72.8,35.943333333333335,1010.75,12.533333333333331,3.0,7.0,1.0,0.0,0.0,0.0,0.0,0.0,0.0,0.0,y
-0.1770000000000067,-0.0589999999999975,-0.6069999999999993,0.0,11748.0,78.86666666666666,45.38666666666666,1013.1,14.816666666666668,10.0,18.0,0.0,0.0,0.0,0.0,0.0,0.0,0.0,0.0,n
0.2860000000000013,0.0859999999999985,0.463000000000008,0.1219999999999998,8942.0,78.01666666666667,45.99166666666667,1015.6333333333332,10.816666666666668,1.0,1.0,0.0,0.0,0.0,1.0,0.0,0.0,0.0,0.0,y
0.7789999999999964,0.3530000000000086,0.0330000000000012,0.0379999999999967,8972.0,57.9,78.45833333333333,1005.6666666666666,5.75,3.0,6.0,0.0,1.0,0.0,0.0,1.0,0.0,0.0,1.0,y
0.1900000000000119,0.0049999999999954,0.0450000000000017,0.4389999999999929,8970.0,86.7,58.28,1009.96,9.92,1.0,1.0,1.0,1.0,1.0,0.0,0.0,0.0,0.0,1.0,n
0.3230000000000075,0.0929999999999893,0.2270000000000038,0.027000000000001,8984.0,94.8,14.723333333333334,1010.4166666666666,12.9,1.0,1.0,1.0,0.0,0.0,0.0,1.0,0.0,0.0,0.0,n
0.2249999999999943,0.0280000000000057,0.0369999999999919,0.1830000000000069,8991.0,73.55,72.18,1003.3166666666666,15.933333333333332,2.0,2.0,1.0,1.0,0.0,0.0,1.0,0.0,0.0,0.0,n
0.2819999999999822,0.0650000000000119,0.1079999999999898,0.8980000000000103,9005.0,82.16666666666667,35.95333333333333,1006.55,14.85,2.0,2.0,0.0,0.0,0.0,0.0,0.0,0.0,0.0,0.0,n
0.644999999999996,0.152000000000001,0.7949999999999875,0.0690000000000168,9028.0,67.53333333333335,32.26833333333334,1014.1333333333332,9.033333333333331,1.0,1.0,1.0,1.0,1.0,0.0,0.0,0.0,0.0,0.0,y
0.0720000000000027,0.242999999999995,0.3179999999999978,0.3790000000000049,10167.0,64.76666666666667,61.69,1019.55,7.716666666666666,2.0,5.0,0.0,0.0,0.0,0.0,1.0,0.0,0.0,1.0,y
0.0290000000000105,0.0529999999999972,0.3649999999999949,0.2950000000000017,9049.0,68.05,43.74166666666667,1016.4666666666668,14.033333333333331,1.0,1.0,0.0,0.0,0.0,0.0,1.0,0.0,0.0,0.0,n
0.304000000000002,0.159000000000006,0.4299999999999926,0.2669999999999959,9047.0,89.64999999999999,48.45666666666667,1015.7166666666668,9.633333333333333,2.0,2.0,1.0,1.0,0.0,0.0,1.0,0.0,0.0,0.0,n
0.0439999999999969,0.146000000000015,0.2019999999999981,0.2489999999999952,8932.0,67.73333333333333,63.833333333333336,1013.75,16.883333333333333,3.0,5.0,1.0,0.0,0.0,0.0,1.0,0.0,0.0,1.0,n
0.632000000000005,0.1650000000000062,0.0909999999999939,0.6270000000000095,10223.0,66.75,48.46,1019.5833333333334,6.866666666666667,2.0,5.0,0.0,0.0,0.0,0.0,1.0,0.0,0.0,0.0,n
0.0210000000000007,0.0709999999999979,0.2139999999999986,0.429000000000002,9105.0,74.88333333333334,65.31833333333334,1017.6333333333332,8.116666666666667,1.0,1.0,1.0,0.0,0.0,0.0,1.0,0.0,0.0,0.0,y
0.144999999999996,0.1230000000000046,0.777000000000001,0.3179999999999978,9096.0,78.05,37.833333333333336,1014.4666666666668,4.633333333333334,2.0,2.0,0.0,0.0,0.0,0.0,1.0,0.0,0.0,0.0,n
0.0219999999999913,0.0320000000000106,0.1169999999999902,0.3830000000000098,9117.0,79.93333333333332,83.84333333333333,1008.4,3.4,1.0,1.0,0.0,1.0,0.0,0.0,0.0,0.0,0.0,0.0,n
0.0099999999999909,0.0470000000000112,0.347999999999999,0.4559999999999888,9140.0,63.55,88.25999999999999,1020.5666666666666,4.25,1.0,1.0,1.0,0.0,0.0,0.0,0.0,0.0,0.0,1.0,y
0.0649999999999977,0.0270000000000152,0.1970000000000027,0.3019999999999925,10279.0,84.96666666666667,49.245000000000005,1009.0833333333334,19.53333333333333,2.0,5.0,1.0,0.0,1.0,0.0,0.0,0.0,0.0,0.0,n
0.304000000000002,0.0049999999999954,0.0439999999999969,0.2229999999999989,9161.0,74.61666666666666,35.40833333333333,1017.7333333333332,4.3500000000000005,1.0,1.0,0.0,0.0,1.0,0.0,0.0,0.0,0.0,0.0,y
0.2029999999999887,0.1820000000000021,0.2040000000000077,0.093999999999994,9037.0,77.64999999999999,62.38999999999999,1012.85,10.466666666666669,3.0,4.0,0.0,0.0,1.0,0.0,0.0,0.0,0.0,0.0,y
0.2279999999999944,0.0400000000000062,0.1500000000000056,0.2659999999999911,9182.0,83.33333333333333,59.22166666666666,1013.6333333333332,14.866666666666667,1.0,1.0,1.0,0.0,0.0,0.0,0.0,0.0,0.0,0.0,y
0.1380000000000052,0.1539999999999963,0.1539999999999963,0.1820000000000021,9287.0,79.53333333333333,32.623333333333335,1017.2333333333332,5.533333333333334,1.0,1.0,0.0,0.0,0.0,0.0,0.0,1.0,1.0,0.0,y
0.1550000000000011,0.3100000000000023,0.1269999999999953,0.073999999999998,12105.0,77.89999999999999,49.965,1010.8,9.216666666666669,1.0,2.0,1.0,1.0,0.0,0.0,0.0,0.0,0.0,0.0,y
0.2360000000000042,0.1359999999999956,0.0349999999999965,0.1310000000000002,9315.0,63.16666666666666,55.15833333333333,1019.4833333333332,6.5,1.0,1.0,1.0,1.0,0.0,1.0,0.0,1.0,1.0,0.0,y
0.1879999999999881,0.1040000000000134,0.5209999999999866,0.1610000000000013,9327.0,72.43333333333332,58.37833333333333,1006.5833333333334,13.266666666666667,4.0,10.0,1.0,0.0,0.0,0.0,0.0,0.0,0.0,0.0,n
0.36099999999999,0.1470000000000055,0.4179999999999921,0.0190000000000054,12154.0,80.85999999999999,58.94199999999999,1018.88,17.54,1.0,2.0,0.0,0.0,1.0,0.0,0.0,0.0,0.0,0.0,n
0.0840000000000031,0.0220000000000055,0.0819999999999936,0.0769999999999981,9371.0,74.43333333333334,58.781666666666666,1013.8,8.516666666666667,1.0,1.0,1.0,1.0,0.0,0.0,1.0,1.0,1.0,0.0,y
0.4619999999999891,0.0580000000000069,0.0240000000000009,0.0019999999999953,9378.0,72.31666666666666,62.453333333333326,1014.9166666666666,9.116666666666667,1.0,1.0,0.0,1.0,0.0,0.0,1.0,1.0,1.0,0.0,y
1.2439999999999998,0.1839999999999975,0.340999999999994,0.2660000000000053,9392.0,63.65,69.14333333333333,1013.2333333333332,4.8,1.0,1.0,1.0,1.0,1.0,0.0,0.0,1.0,1.0,0.0,y
0.0479999999999876,0.1420000000000101,0.0769999999999981,0.1610000000000013,9406.0,71.2,58.79166666666666,1009.5833333333334,4.716666666666667,1.0,1.0,1.0,1.0,0.0,0.0,1.0,1.0,1.0,0.0,y
0.2409999999999996,0.1310000000000002,0.0439999999999969,0.0120000000000004,9413.0,70.8,58.678333333333335,1017.8833333333332,10.7,1.0,1.0,0.0,1.0,0.0,0.0,1.0,1.0,1.0,1.0,y
0.0029999999999859,0.0820000000000078,0.2109999999999985,0.0660000000000025,14076.0,84.45,35.61166666666667,1015.55,8.966666666666667,2.0,4.0,0.0,0.0,0.0,0.0,1.0,0.0,0.0,0.0,n
0.8199999999999932,0.0570000000000021,0.0420000000000015,0.0649999999999977,9418.0,60.96666666666667,66.73833333333333,1014.5333333333332,13.016666666666666,4.0,7.0,1.0,0.0,0.0,0.0,1.0,0.0,0.0,0.0,n
0.5369999999999919,0.1899999999999977,0.125,0.0870000000000033,9462.0,61.21666666666667,76.03666666666666,1007.7833333333332,13.15,1.0,1.0,0.0,1.0,0.0,0.0,1.0,1.0,1.0,1.0,y
0.0130000000000052,0.054000000000002,0.309999999999988,0.0170000000000101,10594.0,83.7,50.24666666666667,1021.5333333333332,6.233333333333333,4.0,5.0,0.0,0.0,0.0,0.0,1.0,0.0,0.0,0.0,n
0.0719999999999885,0.007000000000005,0.2069999999999936,0.2150000000000034,10608.0,83.36666666666666,78.37333333333333,1009.25,5.166666666666667,3.0,5.0,0.0,1.0,0.0,0.0,0.0,0.0,0.0,1.0,y
0.5810000000000031,0.0349999999999965,0.0490000000000065,0.108000000000004,9490.0,78.75,57.98166666666666,1016.3833333333332,8.733333333333333,1.0,1.0,1.0,0.0,0.0,0.0,0.0,1.0,1.0,1.0,y
0.4410000000000025,0.0860000000000127,0.0639999999999929,0.0550000000000068,9504.0,90.38333333333333,73.72,1010.4,5.95,1.0,1.0,1.0,0.0,0.0,0.0,0.0,1.0,1.0,0.0,y
0.1300000000000096,0.0089999999999861,0.0829999999999984,0.1340000000000145,9502.0,85.5,47.59333333333333,1011.1166666666668,12.416666666666666,3.0,6.0,0.0,1.0,1.0,0.0,0.0,0.0,0.0,0.0,n
0.0670000000000072,0.0300000000000011,0.1189999999999997,0.0409999999999968,9509.0,76.3,30.86833333333333,1013.9,5.116666666666666,3.0,7.0,0.0,0.0,1.0,0.0,0.0,0.0,0.0,0.0,n
0.2939999999999969,0.3229999999999933,0.0430000000000063,0.0819999999999936,9532.0,68.55,60.09166666666667,1018.9166666666666,12.466666666666669,1.0,1.0,1.0,1.0,1.0,0.0,0.0,1.0,1.0,0.0,y
0.0440000000000111,0.333999999999989,0.0079999999999955,0.1270000000000095,9530.0,63.15,48.69,1012.95,9.8,3.0,7.0,1.0,1.0,1.0,0.0,0.0,0.0,0.0,0.0,n
0.13900000000001,0.1979999999999933,0.0060000000000002,0.0280000000000057,9553.0,80.5,50.385,1014.7666666666668,10.083333333333334,1.0,1.0,1.0,1.0,0.0,0.0,0.0,1.0,1.0,0.0,y
0.2279999999999944,0.0780000000000029,0.0220000000000055,0.0300000000000011,9650.0,64.60000000000001,49.32666666666666,1017.5166666666668,5.666666666666667,1.0,1.0,0.0,0.0,0.0,0.0,0.0,1.0,1.0,0.0,y
0.3189999999999884,0.0160000000000053,0.0390000000000014,0.242999999999995,9657.0,78.2,51.54666666666666,1012.4333333333334,10.333333333333334,1.0,1.0,1.0,1.0,0.0,0.0,0.0,1.0,1.0,0.0,y
0.2700000000000102,0.0889999999999986,0.0409999999999968,0.1200000000000045,9672.0,68.5,48.43333333333334,1021.2666666666668,6.15,1.0,1.0,0.0,0.0,0.0,1.0,0.0,1.0,1.0,0.0,n
0.0660000000000025,0.2259999999999991,0.1929999999999978,0.0040000000000048,9686.0,69.46666666666667,55.75333333333333,1016.7166666666668,6.583333333333333,1.0,1.0,1.0,1.0,0.0,0.0,0.0,1.0,1.0,0.0,y
0.3220000000000027,0.1659999999999968,0.0169999999999959,0.108000000000004,9700.0,65.91666666666667,69.14166666666667,1011.5,8.2,1.0,1.0,1.0,1.0,0.0,0.0,0.0,1.0,1.0,0.0,y
0.1410000000000053,0.0729999999999932,0.0050000000000096,0.1339999999999861,9714.0,84.21666666666667,56.005,1016.8166666666666,13.766666666666666,1.0,1.0,1.0,0.0,1.0,0.0,0.0,1.0,1.0,0.0,n
0.073999999999998,0.0170000000000101,0.1329999999999955,0.2630000000000052,9728.0,74.86666666666666,58.296666666666674,1010.7833333333332,5.416666666666667,1.0,1.0,1.0,1.0,0.0,0.0,1.0,1.0,1.0,0.0,y
0.1540000000000105,0.093999999999994,0.0240000000000009,0.0010000000000047,9719.0,69.91666666666667,70.32666666666667,1018.7833333333332,7.016666666666667,2.0,2.0,0.0,0.0,0.0,0.0,1.0,0.0,0.0,0.0,y
0.0,0.0210000000000007,0.0819999999999936,0.0750000000000028,9611.0,60.68333333333334,80.71499999999999,997.5,3.766666666666667,4.0,7.0,0.0,1.0,1.0,0.0,0.0,0.0,0.0,1.0,n
0.0200000000000102,0.2979999999999876,0.0020000000000095,0.0279999999999915,8989.0,73.51666666666667,61.73166666666666,1015.1833333333334,9.633333333333333,3.0,3.0,0.0,0.0,0.0,0.0,1.0,0.0,0.0,0.0,n
0.4040000000000106,0.1219999999999998,0.0109999999999956,0.0520000000000067,9770.0,82.61666666666667,40.31333333333333,1006.3833333333332,12.55,1.0,1.0,0.0,1.0,0.0,0.0,1.0,1.0,1.0,0.0,n
0.1709999999999922,0.0400000000000062,0.1730000000000018,0.0339999999999918,9639.0,61.51666666666667,63.03333333333333,1008.65,9.183333333333334,4.0,7.0,0.0,0.0,0.0,0.0,1.0,0.0,0.0,1.0,n
