,raceId,q3_lap_time_difference
0,18,0.0
1,18,0.15500000000000114
2,18,0.21000000000000796
3,18,0.09899999999998954
4,18,0.058000000000006935
22,19,0.0
23,19,0.4819999999999993
24,19,0.3830000000000098
25,19,0.09600000000000364
26,19,0.001999999999995339
44,20,0.0
45,20,0.026999999999986812
46,20,0.16900000000001114
47,20,0.12600000000000477
48,20,0.06999999999999318
66,21,0.0
67,21,0.09099999999999397
68,21,0.15399999999999636
69,21,0.007000000000005002
70,21,0.03100000000000591
88,22,0.0
89,22,0.1909999999999883
90,22,0.1150000000000091
91,22,0.01300000000000523
92,22,0.4539999999999935
108,23,0.0
109,23,0.027999999999991587
110,23,0.02400000000000091
111,23,0.3259999999999934
112,23,0.006000000000000227
128,24,0.0
129,24,0.612000000000009
130,24,0.23699999999999477
131,24,0.01099999999999568
132,24,0.09799999999999898
148,25,0.0
149,25,0.04099999999999682
150,25,0.20300000000000296
151,25,0.14700000000000557
152,25,0.0799999999999983
168,26,0.0
169,26,0.5049999999999955
170,26,0.15200000000000102
171,26,0.1290000000000049
172,26,0.0379999999999967
188,27,0.0
189,27,0.19299999999999784
190,27,0.284000000000006
191,27,0.04800000000000182
192,27,0.19400000000000261
208,28,0.0
209,28,0.24099999999999966
210,28,0.05100000000000193
211,28,0.09000000000000341
212,28,0.044999999999987494
228,29,0.0
229,29,0.20999999999999375
230,29,0.19299999999999784
231,29,0.09600000000000364
232,29,0.44899999999999807
248,30,0.0
249,30,0.3400000000000034
250,30,0.13700000000000045
251,30,0.1769999999999925
252,30,0.3230000000000075
268,31,0.0
269,31,0.0759999999999934
270,31,0.48599999999999
271,31,0.32800000000000296
272,31,0.32200000000000273
288,32,0.0
289,32,0.6640000000000015
290,32,0.1519999999999868
291,32,0.16200000000000614
292,32,0.09399999999999409
308,33,0.0
309,33,0.2400000000000091
310,33,0.1769999999999925
311,33,0.03100000000000591
312,33,0.02199999999999136
328,34,0.0
329,34,0.34200000000001296
330,34,0.24399999999999977
331,34,0.03799999999998249
332,34,0.0030000000000143245
348,35,0.0
349,35,0.3689999999999998
350,35,0.08800000000000807
351,35,0.0049999999999954525
352,35,0.0870000000000033
368,36,0.0
369,36,0.42099999999999227
370,36,0.06300000000000239
371,36,0.19899999999999807
372,36,0.592000000000013
390,37,0.0
391,37,0.2669999999999959
392,37,0.16899999999999693
393,37,0.5660000000000025
394,37,0.49800000000000466
412,38,0.0
413,38,0.28300000000000125
414,38,0.19599999999999795
415,38,0.06100000000000705
416,38,0.21199999999998909
434,39,0.0
435,39,0.030000000000001137
436,39,0.27200000000000557
437,39,0.06199999999999761
438,39,0.4680000000000035
456,40,0.0
457,40,0.17900000000000205
458,40,0.06199999999999761
459,40,0.31799999999999784
460,40,0.15399999999999636
478,41,0.0
479,41,0.45600000000000307
480,41,0.10299999999999443
481,41,0.14500000000001023
482,41,0.15899999999999181
500,42,0.0
501,42,0.16899999999999693
502,42,0.20300000000000296
503,42,0.13599999999999568
504,42,0.007999999999995566
522,43,0.0
523,43,0.06999999999999318
524,43,0.1530000000000058
525,43,0.23599999999999
526,43,0.1810000000000116
544,44,0.0
545,44,0.10200000000000387
546,44,0.04799999999998761
547,44,0.11800000000000921
548,44,0.13599999999999568
566,45,0.0
567,45,0.2909999999999968
568,45,0.03699999999999193
569,45,0.06200000000001182
570,45,0.28299999999998704
588,46,0.0
589,46,0.10699999999999932
590,46,0.47799999999999443
591,46,0.15099999999999625
592,46,0.2220000000000084
610,47,0.0
611,47,0.04399999999999693
612,47,0.1729999999999876
613,47,0.028000000000005798
614,47,0.14800000000001035
632,48,0.0
633,48,0.03699999999999193
634,48,0.5150000000000148
635,48,0.625
636,48,0.00899999999998613
654,49,0.0
655,49,0.016999999999995907
656,49,0.0800000000000125
657,49,0.3149999999999977
658,49,0.9279999999999973
676,50,0.0
677,50,0.07000000000000739
678,50,0.07799999999998875
679,50,0.24900000000000944
680,50,0.7399999999999949
698,51,0.0
699,51,0.13599999999999568
700,51,0.1770000000000067
701,51,0.35499999999998977
702,51,1.0430000000000064
720,52,0.0
721,52,0.15099999999999625
722,52,0.2400000000000091
723,52,0.033999999999991815
724,52,0.5720000000000027
742,53,0.0
743,53,0.047000000000011255
744,53,0.07099999999999795
745,53,0.1529999999999916
746,53,0.4620000000000033
764,54,0.0
765,54,0.14599999999998658
766,54,0.6400000000000148
767,54,0.04200000000000159
768,54,0.003999999999990678
786,55,0.0
787,55,0.4060000000000059
788,55,0.14299999999998647
789,55,0.04400000000001114
790,55,0.15399999999999636
808,56,0.0
809,56,0.19299999999999784
810,56,0.2540000000000049
811,56,0.45999999999999375
812,56,0.007000000000005002
830,57,0.0
831,57,0.21199999999998909
832,57,0.3790000000000049
833,57,0.3470000000000084
834,57,0.17899999999998784
852,58,0.0
853,58,0.06100000000000705
854,58,0.2609999999999957
855,58,0.4720000000000084
856,58,0.44299999999999784
874,59,0.0
875,59,0.11999999999999034
876,59,0.058000000000006935
877,59,0.5240000000000009
878,59,1.1400000000000006
896,60,0.0
897,60,0.14399999999999125
898,60,0.1770000000000067
899,60,0.18999999999999773
900,60,0.15500000000000114
918,61,0.0
919,61,0.23599999999999
920,61,0.2079999999999984
921,61,0.5820000000000078
922,61,0.018000000000000682
940,62,0.0
941,62,0.6030000000000086
942,62,0.48499999999999943
943,62,0.18899999999999295
944,62,0.3400000000000034
962,63,0.0
963,63,0.017000000000010118
964,63,0.2749999999999915
965,63,0.2510000000000048
966,63,0.05500000000000682
984,64,0.0
985,64,0.13500000000000512
986,64,0.3640000000000043
987,64,0.29299999999999216
988,64,0.03200000000001069
1006,65,0.0
1007,65,0.28699999999999193
1008,65,0.19900000000001228
1009,65,0.006999999999990791
1010,65,0.025000000000005684
1028,66,0.0
1029,66,0.37699999999999534
1030,66,0.03700000000000614
1031,66,0.242999999999995
1032,66,0.005000000000009663
1050,67,0.0
1051,67,0.001999999999995339
1052,67,0.16699999999998738
1053,67,0.051000000000016144
1054,67,0.30699999999998795
1072,68,0.0
1073,68,0.6319999999999908
1074,68,0.5110000000000099
1075,68,0.0
1076,68,0.25099999999999056
1094,69,0.0
1095,69,0.11199999999999477
1096,69,0.2780000000000058
1097,69,0.04999999999999716
1098,69,0.33199999999999363
1116,70,0.0
1117,70,0.6189999999999998
1118,70,0.028999999999996362
1119,70,0.23900000000000432
1120,70,0.0519999999999925
1138,77,0.0
1139,77,0.0
1140,77,0.0
1141,77,0.0
1142,77,0.0
1158,78,0.0
1159,78,0.0
1160,78,0.0
1161,78,0.0
1162,78,0.0
1178,79,0.0
1179,79,0.0
1180,79,0.0
1181,79,0.0
1182,79,0.0
1198,80,0.0
1199,80,0.0
1200,80,0.0
1201,80,0.0
1202,80,0.0
1218,81,0.0
1219,81,0.0
1220,81,0.0
1221,81,0.0
1222,81,0.0
1238,82,0.0
1239,82,0.0
1240,82,0.0
1241,82,0.0
1242,82,0.0
1258,83,0.0
1259,83,0.0
1260,83,0.0
1261,83,0.0
1262,83,0.0
1278,84,0.0
1279,84,0.0
1280,84,0.0
1281,84,0.0
1282,84,0.0
1298,85,0.0
1299,85,0.0
1300,85,0.0
1301,85,0.0
1302,85,0.0
1318,86,0.0
1319,86,0.0
1320,86,0.0
1321,86,0.0
1322,86,0.0
1338,87,0.0
1339,87,0.0
1340,87,0.0
1341,87,0.0
1342,87,0.0
1358,88,0.0
1359,88,0.0
1360,88,0.0
1361,88,0.0
1362,88,0.0
1378,89,0.0
1379,89,0.0
1380,89,0.0
1381,89,0.0
1382,89,0.0
1398,104,0.0
1399,104,0.0
1400,104,0.0
1401,104,0.0
1402,104,0.0
1418,109,0.0
1419,109,0.0
1420,109,0.0
1421,109,0.0
1422,109,0.0
1438,125,0.0
1439,125,0.0
1440,125,0.0
1441,125,0.0
1442,125,0.0
1460,140,0.0
1461,140,0.0
1462,140,0.0
1463,140,0.0
1464,140,0.0
1480,156,0.0
1481,156,0.0
1482,156,0.0
1483,156,0.0
1484,156,0.0
1502,158,0.0
1503,158,0.0
1504,158,0.0
1505,158,0.0
1506,158,0.0
1524,160,0.0
1525,160,0.0
1526,160,0.0
1527,160,0.0
1528,160,0.0
1546,161,0.0
1547,161,0.0
1548,161,0.0
1549,161,0.0
1550,161,0.0
1568,173,0.0
1569,173,0.0
1570,173,0.0
1571,173,0.0
1572,173,0.0
1590,175,0.0
1591,175,0.0
1592,175,0.0
1593,175,0.0
1594,175,0.0
1612,176,0.0
1613,176,0.0
1614,176,0.0
1615,176,0.0
1616,176,0.0
1633,177,0.0
1634,177,0.0
1635,177,0.0
1636,177,0.0
1637,177,0.0
1655,191,0.0
1656,191,0.0
1657,191,0.0
1658,191,0.0
1659,191,0.0
1677,192,0.0
1678,192,0.0
1679,192,0.0
1680,192,0.0
1681,192,0.0
1699,193,0.0
1700,193,0.0
1701,193,0.0
1702,193,0.0
1703,193,0.0
1721,199,0.0
1722,199,0.0
1723,199,0.0
1724,199,0.0
1725,199,0.0
1743,200,0.0
1744,200,0.0
1745,200,0.0
1746,200,0.0
1747,200,0.0
1765,201,0.0
1766,201,0.0
1767,201,0.0
1768,201,0.0
1769,201,0.0
1786,203,0.0
1787,203,0.0
1788,203,0.0
1789,203,0.0
1790,203,0.0
1808,207,0.0
1809,207,0.0
1810,207,0.0
1811,207,0.0
1812,207,0.0
1830,208,0.0
1831,208,0.0
1832,208,0.0
1833,208,0.0
1834,208,0.0
1852,209,0.0
1853,209,0.0
1854,209,0.0
1855,209,0.0
1856,209,0.0
1874,210,0.0
1875,210,0.0
1876,210,0.0
1877,210,0.0
1878,210,0.0
1896,211,0.0
1897,211,0.0
1898,211,0.0
1899,211,0.0
1900,211,0.0
1918,212,0.0
1919,212,0.0
1920,212,0.0
1921,212,0.0
1922,212,0.0
1940,213,0.0
1941,213,0.0
1942,213,0.0
1943,213,0.0
1944,213,0.0
1962,214,0.0
1963,214,0.0
1964,214,0.0
1965,214,0.0
1966,214,0.0
1984,215,0.0
1985,215,0.0
1986,215,0.0
1987,215,0.0
1988,215,0.0
2006,216,0.0
2007,216,0.0
2008,216,0.0
2009,216,0.0
2010,216,0.0
2028,224,0.0
2029,224,0.0
2030,224,0.0
2031,224,0.0
2032,224,0.0
2048,225,0.0
2049,225,0.0
2050,225,0.0
2051,225,0.0
2052,225,0.0
2070,226,0.0
2071,226,0.0
2072,226,0.0
2073,226,0.0
2074,226,0.0
2092,227,0.0
2093,227,0.0
2094,227,0.0
2095,227,0.0
2096,227,0.0
2112,228,0.0
2113,228,0.0
2114,228,0.0
2115,228,0.0
2116,228,0.0
2132,229,0.0
2133,229,0.0
2134,229,0.0
2135,229,0.0
2136,229,0.0
2154,230,0.0
2155,230,0.0
2156,230,0.0
2157,230,0.0
2158,230,0.0
2174,240,0.0
2175,240,0.0
2176,240,0.0
2177,240,0.0
2178,240,0.0
2200,241,0.0
2201,241,0.0
2202,241,0.0
2203,241,0.0
2204,241,0.0
2226,242,0.0
2227,242,0.0
2228,242,0.0
2229,242,0.0
2230,242,0.0
2252,243,0.0
2253,243,0.0
2254,243,0.0
2255,243,0.0
2256,243,0.0
2278,244,0.0
2279,244,0.0
2280,244,0.0
2281,244,0.0
2282,244,0.0
2304,245,0.0
2305,245,0.0
2306,245,0.0
2307,245,0.0
2308,245,0.0
2328,246,0.0
2329,246,0.0
2330,246,0.0
2331,246,0.0
2332,246,0.0
2352,247,0.0
2353,247,0.0
2354,247,0.0
2355,247,0.0
2356,247,0.0
2376,248,0.0
2377,248,0.0
2378,248,0.0
2379,248,0.0
2380,248,0.0
2400,249,0.0
2401,249,0.0
2402,249,0.0
2403,249,0.0
2404,249,0.0
2424,250,0.0
2425,250,0.0
2426,250,0.0
2427,250,0.0
2428,250,0.0
2448,251,0.0
2449,251,0.0
2450,251,0.0
2451,251,0.0
2452,251,0.0
2472,252,0.0
2473,252,0.0
2474,252,0.0
2475,252,0.0
2476,252,0.0
2496,253,0.0
2497,253,0.0
2498,253,0.0
2499,253,0.0
2500,253,0.0
2520,254,0.0
2521,254,0.0
2522,254,0.0
2523,254,0.0
2524,254,0.0
2544,255,0.0
2545,255,0.0
2546,255,0.0
2547,255,0.0
2548,255,0.0
2568,256,0.0
2569,256,0.0
2570,256,0.0
2571,256,0.0
2572,256,0.0
2592,257,0.0
2593,257,0.0
2594,257,0.0
2595,257,0.0
2596,257,0.0
2618,258,0.0
2619,258,0.0
2620,258,0.0
2621,258,0.0
2622,258,0.0
2644,259,0.0
2645,259,0.0
2646,259,0.0
2647,259,0.0
2648,259,0.0
2672,261,0.0
2673,261,0.0
2674,261,0.0
2675,261,0.0
2676,261,0.0
2698,262,0.0
2699,262,0.0
2700,262,0.0
2701,262,0.0
2702,262,0.0
2724,263,0.0
2725,263,0.0
2726,263,0.0
2727,263,0.0
2728,263,0.0
2750,264,0.0
2751,264,0.0
2752,264,0.0
2753,264,0.0
2754,264,0.0
2776,265,0.0
2777,265,0.0
2778,265,0.0
2779,265,0.0
2780,265,0.0
2802,266,0.0
2803,266,0.0
2804,266,0.0
2805,266,0.0
2806,266,0.0
2828,267,0.0
2829,267,0.0
2830,267,0.0
2831,267,0.0
2832,267,0.0
2854,268,0.0
2855,268,0.0
2856,268,0.0
2857,268,0.0
2858,268,0.0
2880,269,0.0
2881,269,0.0
2882,269,0.0
2883,269,0.0
2884,269,0.0
2906,270,0.0
2907,270,0.0
2908,270,0.0
2909,270,0.0
2910,270,0.0
2932,271,0.0
2933,271,0.0
2934,271,0.0
2935,271,0.0
2936,271,0.0
2958,272,0.0
2959,272,0.0
2960,272,0.0
2961,272,0.0
2962,272,0.0
3004,2,0.0
3005,2,0.09199999999999875
3006,2,0.24500000000000455
3007,2,0.13300000000000978
3008,2,0.03899999999998727
3024,3,0.0
3025,3,0.19700000000000273
3026,3,0.08500000000000796
3027,3,0.026999999999986812
3028,3,0.03900000000000148
3044,4,0.0
3045,4,0.2810000000000059
3046,4,0.30299999999999727
3047,4,0.028999999999996362
3048,4,0.15200000000000102
3064,5,0.0
3065,5,0.13299999999999557
3066,5,0.10200000000000387
3067,5,0.17199999999999704
3068,5,0.1150000000000091
3084,6,0.0
3085,6,0.024999999999991473
3086,6,0.15000000000000568
3087,6,0.19400000000000261
3088,6,0.16599999999999682
3104,7,0.0
3105,7,0.10499999999998977
3106,7,0.15800000000001546
3107,7,0.033999999999991815
3108,7,0.05299999999999727
3124,8,0.0
3125,8,0.3469999999999942
3126,8,0.012000000000000455
3127,8,0.2230000000000132
3128,8,0.125
3144,9,0.0
3145,9,0.12700000000000955
3146,9,0.11599999999999966
3147,9,0.006999999999990791
3148,9,0.1360000000000099
3164,10,0.0
3165,10,0.0379999999999967
3166,10,0.13400000000000034
3167,10,0.09799999999999898
3168,10,0.05100000000000193
3184,11,0.0
3185,11,0.042999999999992156
3186,11,0.03100000000000591
3187,11,0.2259999999999991
3188,11,0.031999999999996476
3204,12,0.0
3205,12,0.08700000000001751
3206,12,0.10499999999998977
3207,12,0.01300000000000523
3208,12,0.07299999999999329
3224,13,0.0
3225,13,0.19499999999999318
3226,13,0.26200000000000045
3227,13,0.32200000000000273
3228,13,0.1700000000000017
3244,14,0.0
3245,14,0.3130000000000166
3246,14,0.14399999999999125
3247,14,0.37400000000000944
3248,14,0.10599999999999454
3264,15,0.0
3265,15,0.060000000000002274
3266,15,0.17500000000001137
3267,15,0.07099999999999795
3268,15,0.1939999999999884
3284,16,0.0
3285,16,0.09200000000001296
3286,16,0.24399999999999977
3287,16,0.18500000000000227
3288,16,0.07099999999999795
3304,17,0.0
3305,17,0.6670000000000016
3306,17,0.11099999999999
3307,17,0.060000000000002274
3308,17,0.10599999999999454
3324,337,0.0
3325,337,0.14099999999999113
3326,337,0.36600000000001387
3327,337,0.6089999999999947
3328,337,0.02400000000000091
3348,338,0.0
3349,338,0.11599999999999966
3350,338,0.07600000000000762
3351,338,0.563999999999993
3352,338,0.16200000000000614
3372,339,0.0
3373,339,1.3460000000000036
3374,339,0.11599999999999966
3375,339,0.125
3376,339,0.0870000000000033
3396,340,0.0
3397,340,0.25
3398,340,0.10500000000000398
3399,340,0.010000000000005116
3400,340,0.055999999999997385
3420,341,0.0
3421,341,0.10599999999999454
3422,341,0.7280000000000086
3423,341,0.10799999999998988
3424,341,0.054000000000002046
3444,342,0.0
3445,342,0.29400000000001114
3446,342,0.10699999999999932
3447,342,0.055999999999997385
3448,342,0.1490000000000009
3468,343,0.0
3469,343,0.13799999999999102
3470,343,0.3270000000000124
3471,343,0.021000000000000796
3472,343,0.0759999999999934
3492,344,0.0
3493,344,0.2680000000000007
3494,344,0.046999999999997044
3495,344,0.015000000000000568
3496,344,0.08499999999999375
3516,345,0.0
3517,345,0.07500000000000284
3518,345,0.30699999999998795
3519,345,0.10600000000000875
3520,345,0.05200000000000671
3540,346,0.0
3541,346,0.14300000000000068
3542,346,0.6680000000000064
3543,346,0.12999999999999545
3544,346,0.06900000000000261
3564,347,0.0
3565,347,0.0020000000000095497
3566,347,0.4969999999999857
3567,347,0.05700000000000216
3568,347,0.0799999999999983
3588,348,0.0
3589,348,0.41100000000000136
3590,348,0.8029999999999973
3591,348,0.3440000000000083
3592,348,0.16799999999999216
3612,349,0.0
3613,349,0.08500000000000796
3614,349,0.23699999999999477
3615,349,0.027000000000015234
3616,349,0.07899999999999352
3636,350,0.0
3637,350,0.12199999999999989
3638,350,0.20900000000000318
3639,350,0.13999999999998636
3640,350,0.19000000000001194
3660,351,0.0
3661,351,0.06699999999999307
3662,351,0.11400000000000432
3663,351,0.37300000000000466
3664,351,0.03300000000000125
3684,352,0.0
3685,352,0.06800000000001205
3686,352,0.3159999999999883
3687,352,0.06199999999999761
3688,352,0.12100000000000932
3708,353,0.0
3709,353,0.07399999999998386
3710,353,0.10699999999999932
3711,353,0.2960000000000065
3712,353,0.472999999999999
3732,354,0.0
3733,354,1.0490000000000066
3734,354,0.117999999999995
3735,354,0.10999999999999943
3736,354,0.24200000000000443
3756,355,0.0
3757,355,0.0309999999999917
3758,355,0.36700000000000443
3759,355,0.03100000000000591
3760,355,0.10199999999998965
3780,108,0.0
3781,108,0.0
3782,108,0.0
3783,108,0.0
3784,108,0.0
3800,110,0.0
3801,110,0.0
3802,110,0.0
3803,110,0.0
3804,110,0.0
3820,111,0.0
3821,111,0.0
3822,111,0.0
3823,111,0.0
3824,111,0.0
3840,112,0.0
3841,112,0.0
3842,112,0.0
3843,112,0.0
3844,112,0.0
3860,113,0.0
3861,113,0.0
3862,113,0.0
3863,113,0.0
3864,113,0.0
3880,114,0.0
3881,114,0.0
3882,114,0.0
3883,114,0.0
3884,114,0.0
3899,115,0.0
3900,115,0.0
3901,115,0.0
3902,115,0.0
3903,115,0.0
3919,116,0.0
3920,116,0.0
3921,116,0.0
3922,116,0.0
3923,116,0.0
3939,117,0.0
3940,117,0.0
3941,117,0.0
3942,117,0.0
3943,117,0.0
3959,118,0.0
3960,118,0.0
3961,118,0.0
3962,118,0.0
3963,118,0.0
3979,119,0.0
3980,119,0.0
3981,119,0.0
3982,119,0.0
3983,119,0.0
3999,120,0.0
4000,120,0.0
4001,120,0.0
4002,120,0.0
4003,120,0.0
4019,121,0.0
4020,121,0.0
4021,121,0.0
4022,121,0.0
4023,121,0.0
4039,122,0.0
4040,122,0.0
4041,122,0.0
4042,122,0.0
4043,122,0.0
4059,123,0.0
4060,123,0.0
4061,123,0.0
4062,123,0.0
4063,123,0.0
4079,90,0.0
4080,90,0.0
4081,90,0.0
4082,90,0.0
4083,90,0.0
4099,91,0.0
4100,91,0.0
4101,91,0.0
4102,91,0.0
4103,91,0.0
4119,92,0.0
4120,92,0.0
4121,92,0.0
4122,92,0.0
4123,92,0.0
4139,93,0.0
4140,93,0.0
4141,93,0.0
4142,93,0.0
4143,93,0.0
4159,94,0.0
4160,94,0.0
4161,94,0.0
4162,94,0.0
4163,94,0.0
4179,95,0.0
4180,95,0.0
4181,95,0.0
4182,95,0.0
4183,95,0.0
4199,96,0.0
4200,96,0.0
4201,96,0.0
4202,96,0.0
4203,96,0.0
4219,97,0.0
4220,97,0.0
4221,97,0.0
4222,97,0.0
4223,97,0.0
4239,98,0.0
4240,98,0.0
4241,98,0.0
4242,98,0.0
4243,98,0.0
4259,99,0.0
4260,99,0.0
4261,99,0.0
4262,99,0.0
4263,99,0.0
4279,100,0.0
4280,100,0.0
4281,100,0.0
4282,100,0.0
4283,100,0.0
4299,101,0.0
4300,101,0.0
4301,101,0.0
4302,101,0.0
4303,101,0.0
4319,102,0.0
4320,102,0.0
4321,102,0.0
4322,102,0.0
4323,102,0.0
4339,103,0.0
4340,103,0.0
4341,103,0.0
4342,103,0.0
4343,103,0.0
4359,105,0.0
4360,105,0.0
4361,105,0.0
4362,105,0.0
4363,105,0.0
4379,106,0.0
4380,106,0.0
4381,106,0.0
4382,106,0.0
4383,106,0.0
4399,107,0.0
4400,107,0.0
4401,107,0.0
4402,107,0.0
4403,107,0.0
4419,71,0.0
4420,71,0.0
4421,71,0.0
4422,71,0.0
4423,71,0.0
4439,72,0.0
4440,72,0.0
4441,72,0.0
4442,72,0.0
4443,72,0.0
4459,73,0.0
4460,73,0.0
4461,73,0.0
4462,73,0.0
4463,73,0.0
4479,74,0.0
4480,74,0.0
4481,74,0.0
4482,74,0.0
4483,74,0.0
4499,75,0.0
4500,75,0.0
4501,75,0.0
4502,75,0.0
4503,75,0.0
4517,76,0.0
4518,76,0.0
4519,76,0.0
4520,76,0.0
4521,76,0.0
4535,841,0.0
4536,841,0.7780000000000058
4537,841,0.08799999999999386
4538,841,0.38400000000000034
4539,841,0.1950000000000074
4557,842,0.0
4560,842,0.103999999999985
4561,842,0.2050000000000125
4562,842,0.021000000000000796
4563,842,0.6019999999999897
4583,843,0.0
4584,843,0.7149999999999892
4585,843,0.04200000000000159
4586,843,0.20700000000000784
4587,843,0.44899999999999807
4607,844,0.0
4608,844,0.40500000000000114
4609,844,0.11999999999999034
4610,844,0.021000000000000796
4611,844,0.2560000000000002
4630,845,0.0
4631,845,0.20000000000000284
4632,845,0.7800000000000011
4633,845,0.0030000000000001137
4634,845,0.031999999999996476
4653,846,0.0
4654,846,0.4410000000000025
4655,846,0.02200000000000557
4656,846,0.46399999999999864
4657,846,0.19899999999999807
4677,847,0.0
4678,847,0.18500000000000227
4679,847,0.018000000000000682
4680,847,0.2120000000000033
4681,847,0.13599999999999568
4701,848,0.0
4702,848,0.1880000000000024
4703,848,0.21699999999999875
4704,848,0.07400000000001228
4705,848,0.08099999999998886
4725,849,0.0
4726,849,0.031999999999996476
4727,849,0.08499999999999375
4728,849,0.6080000000000041
4729,849,0.7740000000000009
4749,850,0.0
4750,850,0.05499999999999261
4751,850,0.08200000000000784
4752,850,0.2259999999999991
4753,850,0.4679999999999893
4773,851,0.0
4774,851,0.16300000000001091
4775,851,0.04599999999999227
4776,851,0.3259999999999934
4777,851,0.015000000000000568
4797,852,0.0
4798,852,0.43199999999998795
4799,852,0.646000000000015
4800,852,0.8799999999999955
4801,852,0.29599999999999227
4820,854,0.0
4821,854,0.3509999999999991
4822,854,0.07200000000000273
4823,854,0.0049999999999954525
4824,854,0.06499999999999773
4844,855,0.0
4845,855,0.00899999999998613
4846,855,0.14200000000001012
4847,855,0.1869999999999976
4848,855,0.08199999999999363
4868,856,0.0
4869,856,0.2220000000000084
4870,856,0.08400000000000318
4871,856,0.34199999999999875
4872,856,0.36299999999999955
4892,857,0.0
4893,857,0.2960000000000065
4894,857,0.033999999999991815
4895,857,0.01100000000000989
4896,857,0.4309999999999974
4916,858,0.0
4917,858,0.14100000000000534
4918,858,0.009000000000000341
4919,858,0.22700000000000387
4920,858,0.19999999999998863
4939,859,0.0
4940,859,0.18099999999999739
4941,859,0.1839999999999975
4942,859,0.19700000000000273
4943,859,0.11099999999999
4963,860,0.0
4964,860,0.15200000000000102
4965,860,0.22799999999999443
4966,860,0.034000000000006025
4967,860,0.3149999999999977
4987,861,0.0
4988,861,0.1490000000000009
4989,861,0.022999999999996135
4990,861,0.07000000000000739
4991,861,0.0
5011,862,0.0
5012,862,0.5049999999999955
5013,862,0.06499999999999773
5014,862,0.09299999999998931
5015,862,0.11400000000000432
5035,863,0.0
5036,863,0.09800000000001319
5037,863,0.11699999999999022
5038,863,0.07399999999999807
5039,863,0.10999999999999943
5059,864,0.0
5060,864,0.578000000000003
5061,864,0.016999999999995907
5062,864,0.1220000000000141
5063,864,0.06299999999998818
5083,865,0.0
5084,865,0.0799999999999983
5085,865,0.06700000000000728
5086,865,0.1349999999999909
5087,865,0.055999999999997385
5106,866,0.0
5107,866,0.30299999999999727
5108,866,0.06399999999999295
5109,866,0.1950000000000074
5110,866,0.06499999999999773
5130,867,0.0
5131,867,0.32399999999999807
5132,867,0.06499999999999773
5133,867,0.030000000000001137
5134,867,0.008000000000009777
5153,868,0.0
5154,868,0.046999999999997044
5155,868,0.22700000000000387
5156,868,0.17899999999998784
5157,868,0.8659999999999997
5177,869,0.0
5178,869,0.40500000000000114
5179,869,0.46999999999999886
5180,869,0.9629999999999939
5181,869,1.0420000000000016
5201,870,0.0
5202,870,0.4129999999999967
5203,870,0.04999999999999716
5204,870,0.1670000000000016
5205,870,0.14700000000000557
5225,871,0.0
5226,871,0.2980000000000018
5227,871,0.02199999999999136
5228,871,0.3119999999999976
5229,871,0.013999999999995794
5249,872,0.0
5250,872,0.12299999999999045
5251,872,0.11400000000000432
5252,872,0.05700000000000216
5253,872,0.23599999999999
5272,873,0.0
5273,873,0.4420000000000073
5274,873,0.10099999999999909
5275,873,0.033999999999991815
5276,873,0.27700000000001523
5296,874,0.0
5297,874,0.2510000000000048
5298,874,0.19999999999998863
5299,874,0.4100000000000108
5300,874,0.1979999999999933
5320,875,0.0
5321,875,0.07400000000001228
5322,875,0.1529999999999916
5323,875,0.06499999999999773
5324,875,0.09100000000000819
5343,876,0.0
5344,876,0.04399999999999693
5345,876,0.21699999999999875
5346,876,0.11499999999999488
5347,876,0.11400000000000432
5367,877,0.0
5368,877,0.3480000000000132
5369,877,0.09499999999999886
5370,877,0.1529999999999916
5371,877,0.033999999999991815
5391,878,0.0
5392,878,0.10899999999999466
5393,878,0.40800000000001546
5394,878,0.4129999999999967
5395,878,0.12099999999999511
5415,879,0.0
5416,879,0.05500000000000682
5417,879,0.06799999999999784
5418,879,0.17900000000000205
5419,879,0.22699999999998965
5439,880,0.0
5440,880,0.4200000000000017
5441,880,0.2600000000000051
5442,880,0.4029999999999916
5443,880,0.0030000000000001137
5461,881,0.0
5462,881,0.9129999999999967
5463,881,0.14000000000000057
5464,881,0.9719999999999942
5465,881,0.5450000000000017
5483,882,0.0
5484,882,0.2769999999999868
5485,882,0.027000000000001023
5486,882,0.07299999999999329
5487,882,0.07200000000000273
5505,883,0.0
5506,883,0.2540000000000049
5507,883,0.08299999999999841
5508,883,0.09499999999999886
5509,883,0.3160000000000025
5527,884,0.0
5528,884,0.2540000000000049
5529,884,0.08199999999999363
5530,884,0.12299999999999045
5531,884,0.04100000000001103
5549,885,0.0
5550,885,0.09099999999999397
5551,885,0.01300000000000523
5552,885,0.2009999999999934
5553,885,0.6410000000000053
5571,886,0.0
5572,886,0.0870000000000033
5573,886,0.3849999999999909
5574,886,0.1110000000000042
5575,886,0.20000000000000284
5593,887,0.0
5594,887,0.4519999999999982
5595,887,0.15200000000000102
5596,887,0.009000000000000341
5597,887,0.5160000000000053
5615,888,0.0
5616,888,0.10300000000000864
5617,888,0.10699999999999932
5618,888,0.2839999999999918
5619,888,0.06700000000000728
5637,890,0.0
5638,890,0.0379999999999967
5639,890,0.16899999999999693
5640,890,0.125
5641,890,0.07099999999999795
5659,891,0.0
5660,891,0.1880000000000024
5661,891,0.125
5662,891,0.9260000000000019
5663,891,0.08099999999998886
5681,892,0.0
5682,892,0.21300000000000807
5683,892,0.0969999999999942
5684,892,0.06700000000000728
5685,892,0.009999999999990905
5703,893,0.0
5704,893,0.09099999999999397
5705,893,0.12599999999999056
5706,893,0.0940000000000083
5707,893,0.10199999999998965
5725,894,0.0
5726,894,0.21800000000000352
5727,894,0.04399999999999693
5728,894,0.06700000000000728
5729,894,0.14799999999999613
5747,895,0.0
5748,895,0.1740000000000066
5749,895,0.16400000000000148
5750,895,0.11199999999999477
5751,895,0.01300000000000523
5769,896,0.0
5770,896,0.7519999999999953
5771,896,0.07000000000000739
5772,896,0.10599999999999454
5773,896,0.15399999999999636
5791,897,0.0
5792,897,0.11800000000000921
5793,897,0.3439999999999941
5794,897,0.08200000000000784
5795,897,0.04099999999999682
5813,898,0.0
5814,898,0.10300000000000864
5815,898,0.7139999999999986
5816,898,0.14099999999999113
5817,898,0.049000000000006594
5835,899,0.0
5836,899,0.6230000000000047
5837,899,0.4369999999999976
5838,899,0.03300000000000125
5839,899,0.10499999999998977
5857,900,0.0
5858,900,0.3170000000000073
5859,900,0.046999999999997044
5860,900,1.1500000000000057
5861,900,0.07399999999999807
5879,901,0.0
5880,901,0.05499999999999261
5881,901,0.5640000000000072
5882,901,0.125
5883,901,0.36599999999999966
5901,902,0.0
5902,902,0.27899999999999636
5903,902,0.5870000000000033
5904,902,0.19599999999999795
5905,902,0.09900000000000375
5923,853,0.0
5924,853,0.44999999999998863
5925,853,0.05200000000000671
5926,853,0.06400000000000716
5927,853,0.13100000000000023
5947,903,0.0
5948,903,0.5949999999999989
5949,903,0.5050000000000097
5950,903,0.18299999999999272
5951,903,0.4939999999999998
5969,904,0.0
5970,904,0.16800000000000637
5971,904,0.8849999999999909
5972,904,0.3470000000000084
5973,904,0.32800000000000296
5991,905,0.0
5992,905,0.0589999999999975
5993,905,0.3359999999999985
5994,905,0.1629999999999967
5995,905,0.13900000000001
6013,906,0.0
6014,906,0.07900000000000773
6015,906,0.5949999999999989
6016,906,0.001999999999995339
6017,906,0.028000000000005798
6035,907,0.0
6036,907,0.0870000000000033
6037,907,0.09799999999999898
6038,907,0.340999999999994
6039,907,0.18099999999999739
6057,908,0.0
6058,908,1.6200000000000045
6059,908,0.8140000000000072
6060,908,0.1290000000000049
6061,908,0.08799999999999386
6079,909,0.0
6080,909,0.2190000000000083
6081,909,0.3190000000000026
6082,909,0.13599999999999568
6083,909,0.0589999999999975
6101,910,0.0
6102,910,0.48599999999999
6103,910,0.1530000000000058
6104,910,0.03699999999999193
6105,910,0.5180000000000007
6123,911,0.0
6124,911,0.22800000000000864
6125,911,1.8979999999999961
6126,911,0.06900000000000261
6127,911,0.125
6145,912,0.0
6146,912,0.2739999999999867
6147,912,0.31400000000000716
6148,912,0.16799999999999216
6149,912,0.44899999999999807
6167,913,0.0
6168,913,0.007000000000005002
6169,913,0.16599999999999682
6170,913,0.04800000000000182
6171,913,0.0049999999999954525
6189,914,0.0
6190,914,0.19700000000000273
6191,914,0.42499999999999716
6192,914,0.3990000000000009
6193,914,0.21300000000000807
6211,915,0.0
6212,915,0.19999999999998863
6213,915,0.20700000000000784
6214,915,0.20100000000000762
6215,915,0.1559999999999917
6232,916,0.0
6233,916,0.37599999999999056
6234,916,0.46300000000000807
6235,916,0.2989999999999924
6236,916,0.03900000000000148
6250,917,0.0
6251,917,0.03300000000000125
6252,917,0.1910000000000025
6253,917,0.058000000000006935
6254,917,0.625
6278,918,0.0
6279,918,-0.7890000000000015
6280,918,-0.09399999999999409
6281,918,-0.15900000000000603
6282,918,-0.3860000000000099
6286,926,0.0
6287,926,0.5939999999999941
6288,926,0.7970000000000113
6289,926,0.03900000000000148
6290,926,0.03299999999998704
6304,927,0.0
6305,927,0.07399999999999807
6306,927,0.39100000000000534
6307,927,1.2419999999999902
6308,927,0.4099999999999966
6323,928,0.0
6324,928,0.04600000000000648
6325,928,0.8589999999999947
6326,928,0.2670000000000101
6327,928,0.18899999999999295
6343,929,0.0
6344,929,0.41100000000000136
6345,929,0.14699999999999136
6346,929,0.09800000000001319
6347,929,0.15399999999999636
6362,930,0.0
6363,930,0.2670000000000101
6364,930,0.5099999999999909
6365,930,0.2360000000000042
6366,930,0.44199999999999307
6382,931,0.0
6383,931,0.34199999999999875
6384,931,0.409000000000006
6385,931,0.19199999999999307
6386,931,0.14100000000000534
6402,932,0.0
6403,932,0.3089999999999975
6404,932,0.3119999999999976
6405,932,0.08800000000000807
6406,932,0.09199999999999875
6421,933,0.0
6422,933,0.20000000000000284
6423,933,0.15500000000000114
6424,933,0.382000000000005
6425,933,0.08599999999999852
6441,934,0.0
6442,934,0.11299999999999955
6443,934,0.724000000000018
6444,934,0.06399999999999295
6445,934,0.22999999999998977
6461,936,0.0
6462,936,0.5750000000000028
6463,936,0.14400000000000546
6464,936,0.03499999999999659
6465,936,0.2459999999999951
6481,937,0.0
6482,937,0.4579999999999984
6483,937,0.882000000000005
6484,937,0.02400000000000091
6485,937,0.03799999999998249
6501,938,0.0
6502,938,0.23400000000000887
6503,938,0.054000000000002046
6504,938,0.018000000000000682
6505,938,0.23699999999999477
6521,939,0.0
6522,939,0.5430000000000064
6523,939,0.23900000000000432
6524,939,0.07800000000000296
6525,939,0.5549999999999926
6541,940,0.0
6542,940,0.0759999999999934
6543,940,0.3640000000000043
6544,940,0.22100000000000364
6545,940,0.09199999999999875
6561,941,0.0
6562,941,0.3199999999999932
6563,941,0.4790000000000134
6564,941,0.05299999999999727
6565,941,0.38299999999999557
6580,942,0.0
6581,942,0.0
6582,942,0.0
6583,942,0.0
6584,942,0.0
6600,943,0.0
6601,943,0.1880000000000024
6602,943,0.18199999999998795
6603,943,0.5480000000000018
6604,943,0.0010000000000047748
6620,944,0.0
6621,944,0.07800000000000296
6622,944,0.4440000000000026
6623,944,0.2810000000000059
6624,944,0.0589999999999975
6640,945,0.0
6641,945,0.37700000000000955
6642,945,0.4369999999999976
6643,945,0.13299999999999557
6644,945,0.2600000000000051
6660,948,0.0
6661,948,0.35999999999999943
6662,948,0.47799999999999443
6663,948,0.3580000000000041
6664,948,0.40099999999999625
6682,949,0.0
6683,949,0.07699999999999818
6684,949,0.4420000000000073
6685,949,0.23199999999999932
6686,949,0.6099999999999994
6704,950,0.0
6705,950,0.5150000000000006
6706,950,0.05500000000000682
6707,950,0.2740000000000009
6708,950,0.04999999999998295
6726,951,0.0
6727,951,0.7059999999999889
6728,951,0.4130000000000109
6729,951,0.12699999999999534
6730,951,0.35299999999999443
6748,952,0.0
6749,952,0.28000000000000114
6750,952,0.4000000000000057
6751,952,0.4069999999999965
6752,952,0.02599999999999625
6770,953,0.0
6771,953,0.16899999999999693
6772,953,0.15100000000001046
6773,953,0.6099999999999852
6774,953,0.1740000000000066
6792,954,0.0
6793,954,0.06199999999999761
6794,954,0.11599999999999966
6795,954,0.17600000000000193
6796,954,0.24800000000000466
6813,955,0.0
6814,955,0.7569999999999908
6815,955,0.4510000000000076
6816,955,0.0
6817,955,0.30299999999999727
6835,956,0.0
6836,956,0.5430000000000064
6837,956,0.8199999999999932
6838,956,0.4960000000000093
6839,956,0.11899999999999977
6857,957,0.0
6858,957,0.3189999999999884
6859,957,0.7070000000000078
6860,957,0.3049999999999926
6861,957,0.26300000000000523
6878,958,0.0
6879,958,0.14300000000000068
6880,958,0.17199999999999704
6881,958,0.277000000000001
6882,958,0.31699999999999307
6900,959,0.0
6901,959,0.10699999999999932
6902,959,0.2560000000000002
6903,959,0.10800000000000409
6904,959,0.3079999999999927
6922,960,0.0
6923,960,0.1490000000000009
6924,960,0.016999999999995907
6925,960,0.1980000000000075
6926,960,0.10800000000000409
6943,961,0.0
6944,961,0.47799999999999443
6945,961,0.35900000000000887
6946,961,0.09299999999998931
6947,961,0.3230000000000075
6964,962,0.0
6965,962,0.5310000000000059
6966,962,0.1729999999999876
6967,962,0.04000000000000625
6968,962,0.21199999999998909
6986,963,0.0
6987,963,0.4140000000000157
6988,963,0.1559999999999917
6989,963,0.046999999999997044
6990,963,0.11700000000000443
7008,964,0.0
7009,964,0.01300000000000523
7010,964,0.2890000000000015
7011,964,0.07899999999999352
7012,964,0.15000000000000568
7030,965,0.0
7031,965,0.21600000000000819
7032,965,0.29399999999999693
7033,965,0.23799999999999955
7034,965,0.38400000000000034
7052,966,0.0
7053,966,0.2539999999999907
7054,966,0.09600000000000364
7055,966,0.07899999999999352
7056,966,0.19700000000000273
7073,967,0.0
7074,967,0.10199999999998965
7075,967,0.5660000000000025
7076,967,0.08100000000000307
7077,967,0.010000000000005116
7095,968,0.0
7096,968,0.30299999999999727
7097,968,0.5310000000000059
7098,968,0.015000000000000568
7099,968,0.05700000000000216
7117,969,0.0
7118,969,0.2680000000000007
7119,969,0.024999999999991473
7120,969,0.5520000000000067
7121,969,0.4519999999999982
7137,970,0.0
7138,970,0.18600000000000705
7139,970,0.000999999999990564
7140,970,0.2750000000000057
7141,970,0.8930000000000007
7157,971,0.0
7158,971,0.022999999999996135
7159,971,0.4549999999999983
7160,971,0.2980000000000018
7161,971,0.02200000000000557
7177,972,0.0
7178,972,0.0589999999999975
7179,972,0.036000000000001364
7180,972,0.47799999999999443
7181,972,1.1380000000000052
7197,973,0.0
7198,973,0.05100000000000193
7199,973,0.17300000000000182
7200,973,0.06599999999998829
7201,973,0.2670000000000101
7217,974,0.0
7218,974,0.043000000000006366
7219,974,0.001999999999995339
7220,974,0.27299999999999613
7221,974,0.5020000000000095
7237,975,0.0
7238,975,0.3299999999999983
7239,975,0.387999999999991
7240,975,0.07500000000000284
7241,975,0.15100000000001046
7257,976,0.0
7258,976,0.4339999999999975
7259,976,0.6659999999999968
7260,976,0.14800000000001035
7261,976,0.03799999999998249
7277,977,0.0
7278,977,0.04200000000000159
7279,977,0.13100000000000023
7280,977,0.35499999999998977
7281,977,0.11700000000000443
7297,978,0.0
7298,978,0.546999999999997
7299,978,0.20900000000000318
7300,978,0.020000000000010232
7301,978,0.7539999999999907
7317,979,0.0
7318,979,0.16800000000000637
7319,979,0.08599999999999852
7320,979,0.1769999999999925
7321,979,0.09000000000000341
7337,980,0.0
7338,980,0.24200000000000443
7339,980,0.2989999999999924
7340,980,0.17600000000001614
7341,980,0.10999999999998522
7357,981,0.0
7358,981,1.1479999999999961
7359,981,0.13900000000001
7360,981,0.1909999999999883
7361,981,0.6869999999999976
7377,982,0.0
7378,982,0.3229999999999933
7379,982,0.02600000000001046
7380,982,0.2289999999999992
7381,982,0.05700000000000216
7397,983,0.0
7398,983,0.045000000000001705
7399,983,0.4200000000000017
7400,983,0.054000000000002046
7416,983,0.1629999999999967
7417,984,0.0
7418,984,0.33199999999999363
7419,984,0.14000000000000057
7420,984,0.5150000000000006
7421,984,0.02599999999999625
7437,985,0.0
7438,985,0.23900000000000432
7439,985,0.22099999999998943
7440,985,0.009000000000000341
7441,985,0.0
7457,986,0.0
7458,986,0.08599999999999852
7459,986,0.35999999999999943
7460,986,0.02400000000000091
7461,986,0.28000000000000114
7476,987,0.0
7477,987,0.0379999999999967
7478,987,0.17799999999999727
7479,987,0.38700000000000045
7480,987,0.40500000000000114
7495,988,0.0
7497,988,0.17199999999999704
7498,988,0.37400000000000944
7499,988,0.18200000000000216
7500,988,0.02599999999999625
7516,989,0.0
7517,989,0.6640000000000015
7518,989,0.009999999999990905
7519,989,0.04100000000001103
7520,989,0.27299999999999613
7536,990,0.0
7537,990,0.14300000000000068
7538,990,0.022999999999996135
7539,990,0.09600000000000364
7540,990,0.17799999999999727
7556,991,0.0
7557,991,0.0870000000000033
7558,991,0.44299999999999784
7559,991,0.04999999999999716
7560,991,0.12099999999999511
7576,992,0.0
7577,992,0.17900000000000205
7578,992,0.1600000000000108
7579,992,0.07399999999999807
7580,992,0.08299999999999841
7596,993,0.0
7597,993,0.03999999999999204
7598,993,0.09200000000001296
7599,993,0.30699999999998795
7600,993,0.20400000000000773
7616,994,0.0
7617,994,0.2289999999999992
7618,994,0.19299999999999784
7619,994,0.034000000000006025
7633,994,0.17499999999999716
7636,995,0.0
7637,995,0.09300000000000352
7638,995,0.0799999999999983
7639,995,0.0589999999999975
7640,995,0.09900000000000375
7656,996,0.0
7657,996,0.117999999999995
7658,996,0.2530000000000143
7659,996,0.3049999999999926
7660,996,0.18999999999999773
7676,997,0.0
7677,997,0.01899999999999835
7678,997,0.3149999999999977
7679,997,0.19599999999999795
7680,997,0.18000000000000682
7696,998,0.0
7697,998,0.04400000000001114
7698,998,0.053999999999987836
7699,998,0.22700000000000387
7700,998,0.3850000000000051
7716,999,0.0
7717,999,0.20399999999999352
7718,999,0.13100000000000023
7719,999,0.2750000000000057
7720,999,0.3780000000000001
7736,1000,0.0
7737,1000,0.02400000000000091
7738,1000,0.532999999999987
7754,1000,-1.0849999999999937
7755,1000,0.2600000000000051
7756,1001,0.0
7757,1001,0.7259999999999991
7758,1001,2.945999999999998
7759,1001,0.043000000000006366
7760,1001,0.22799999999999443
7776,1002,0.0
7777,1002,0.16100000000000136
7778,1002,0.013999999999995794
7779,1002,0.362000000000009
7780,1002,0.958999999999989
7796,1003,0.0
7797,1003,0.3190000000000026
7798,1003,0.29399999999999693
7799,1003,0.07399999999999807
7800,1003,0.09199999999999875
7816,1004,0.0
7817,1004,0.14499999999999602
7818,1004,0.41100000000000136
7819,1004,0.29399999999999693
7820,1004,0.9440000000000026
7836,1005,0.0
7837,1005,0.2989999999999924
7838,1005,0.9980000000000047
7839,1005,0.46399999999999864
7840,1005,0.23999999999999488
7856,1006,0.0
7857,1006,0.06100000000000705
7858,1006,0.009000000000000341
7859,1006,0.3089999999999975
7860,1006,0.8780000000000001
7876,1007,0.0
7877,1007,0.02599999999999625
7878,1007,0.10900000000000887
7879,1007,0.0759999999999934
7880,1007,0.18999999999999773
7896,1008,0.0
7897,1008,0.09299999999998931
7898,1008,0.06700000000000728
7899,1008,0.015000000000000568
7900,1008,0.32200000000000273
7916,1009,0.0
7917,1009,0.16200000000000614
7918,1009,0.16899999999999693
7919,1009,0.2400000000000091
7920,1009,0.036000000000001364
7936,1010,0.0
7937,1010,0.11199999999999477
7938,1010,0.5919999999999987
7939,1010,0.12999999999999545
7940,1010,0.1220000000000141
7956,1011,0.0
7957,1011,0.29399999999999693
7958,1011,0.030000000000001137
7959,1011,0.0660000000000025
7960,1011,0.4959999999999951
7976,1012,0.0
7977,1012,0.022999999999996135
7978,1012,0.2780000000000058
7979,1012,0.016999999999995907
7980,1012,0.22400000000000375
7994,1013,0.0
7995,1013,0.0589999999999975
7996,1013,0.242999999999995
7997,1013,0.27200000000000557
7998,1013,0.5240000000000009
8014,1014,0.0
8015,1014,0.6339999999999861
8016,1014,0.23199999999999932
8017,1014,0.08500000000000796
8018,1014,0.23099999999999454
8034,1015,0.0
8035,1015,0.08599999999999852
8036,1015,0.38900000000001
8037,1015,0.3059999999999974
8038,1015,0.09399999999999409
8054,1016,0.0
8055,1016,0.20600000000000307
8056,1016,0.47400000000000375
8057,1016,0.15099999999999625
8058,1016,0.008000000000009777
8074,1017,0.0
8075,1017,0.28600000000000136
8076,1017,0.35999999999999943
8077,1017,0.4439999999999884
8078,1017,0.009000000000014552
8094,1018,0.0
8095,1018,0.25900000000000034
8096,1018,0.1769999999999996
8097,1018,0.09799999999999898
8098,1018,0.5350000000000037
8114,1019,0.0
8115,1019,0.006000000000000227
8116,1019,0.07299999999999329
8117,1019,0.1039999999999992
8118,1019,0.31400000000000716
8134,1020,0.0
8135,1020,0.34600000000000364
8136,1020,0.016000000000005343
8137,1020,0.3930000000000007
8138,1020,0.015999999999991132
8154,1021,0.0
8155,1021,0.018000000000000682
8156,1021,0.17900000000000205
8157,1021,0.2740000000000009
8158,1021,0.027999999999991587
8174,1022,0.0
8175,1022,0.7479999999999905
8176,1022,0.015000000000000568
8177,1022,0.13299999999999557
8178,1022,0.2750000000000057
8194,1023,0.0
8195,1023,0.03900000000000148
8196,1023,0.007999999999995566
8197,1023,0.10299999999999443
8198,1023,0.382000000000005
8214,1024,0.0
8215,1024,0.1910000000000025
8216,1024,0.028999999999996362
8217,1024,0.3760000000000048
8218,1024,0.3329999999999984
8234,1025,0.0
8235,1025,0.402000000000001
8236,1025,0.022999999999996135
8237,1025,0.257000000000005
8238,1025,0.32200000000000273
8254,1026,0.0
8255,1026,0.18900000000000716
8256,1026,0.04000000000000625
8257,1026,0.00899999999998613
8258,1026,0.5490000000000066
8274,1027,0.0
8275,1027,0.26600000000000534
8276,1027,0.1460000000000008
8277,1027,0.09199999999999875
8278,1027,0.07399999999999807
8294,1028,0.0
8295,1028,0.012000000000000455
8296,1028,0.05500000000000682
8297,1028,0.04099999999999682
8298,1028,0.1839999999999975
8314,1029,0.0
8315,1029,0.12300000000000466
8316,1029,0.06799999999999784
8317,1029,0.028999999999996362
8318,1029,0.1460000000000008
8334,1030,0.0
8335,1030,0.19400000000000261
8336,1030,0.16600000000001103
8337,1030,0.07999999999998408
8338,1030,0.12000000000000455
8354,1031,0.0
8355,1031,0.012000000000000455
8356,1031,0.5259999999999962
8357,1031,0.1490000000000009
8358,1031,0.24200000000000443
8374,1032,0.0
8375,1032,1.2160000000000082
8376,1032,0.18199999999998795
8377,1032,0.030000000000001137
8378,1032,0.22100000000000364
8394,1033,0.0
8395,1033,0.8229999999999933
8396,1033,0.16800000000000637
8397,1033,0.2289999999999992
8413,1033,-1.3269999999999982
8414,1034,0.0
8415,1034,0.3130000000000024
8416,1034,0.7090000000000032
8417,1034,0.10199999999998965
8418,1034,0.355000000000004
8434,1035,0.0
8435,1035,0.06300000000000239
8436,1035,0.8649999999999949
8437,1035,0.0940000000000083
8438,1035,0.12099999999999511
8454,1036,0.0
8455,1036,0.0589999999999975
8456,1036,0.6490000000000009
8457,1036,0.18999999999999773
8458,1036,0.10699999999999932
8474,1037,0.0
8475,1037,0.5109999999999957
8476,1037,0.014999999999986358
8477,1037,0.28300000000001546
8478,1037,0.20300000000000296
8494,1038,0.0
8495,1038,0.06900000000000261
8496,1038,0.7389999999999901
8497,1038,0.025000000000005684
8498,1038,0.07500000000000284
8514,1039,0.0
8515,1039,0.0589999999999975
8516,1039,0.3059999999999974
8517,1039,0.4450000000000074
8518,1039,0.3159999999999883
8534,1040,0.0
8535,1040,0.5630000000000024
8536,1040,0.08899999999999864
8537,1040,0.3610000000000042
8538,1040,0.046999999999997044
8554,1041,0.0
8555,1041,0.2560000000000002
8556,1041,0.03699999999999193
8557,1041,0.472999999999999
8558,1041,0.012000000000000455
8581,1042,0.0
8582,1042,-0.13299999999999557
8583,1042,-0.18600000000000705
8584,1042,-0.14999999999999147
8585,1042,-0.10200000000000387
8594,1043,0.0
8595,1043,0.09700000000000841
8596,1043,0.46999999999999886
8597,1043,0.3259999999999934
8598,1043,0.018000000000000682
8614,1044,0.0
8615,1044,0.29000000000000625
8616,1044,1.2659999999999911
8617,1044,1.1270000000000095
8618,1044,1.1469999999999914
8634,1045,0.0
8635,1045,0.2890000000000015
8636,1045,0.125
8637,1045,0.5960000000000036
8638,1045,0.04800000000000182
8654,1046,0.0
8655,1046,0.02599999999999625
8656,1046,0.030000000000001137
8657,1046,0.17999999999999972
8658,1046,0.1769999999999996
8674,1047,0.0
8675,1047,0.024999999999991473
8676,1047,0.06099999999999284
8677,1047,0.16500000000000625
8678,1047,0.07399999999999807
8694,1052,0.0
8695,1052,0.38800000000000523
8696,1052,0.2009999999999934
8697,1052,0.09199999999999875
8698,1052,0.13100000000000023
8714,1053,0.0
8715,1053,0.03499999999999659
8716,1053,0.05200000000000671
8717,1053,0.24199999999999022
8718,1053,0.04999999999999716
8734,1054,0.0
8735,1054,0.007000000000005002
8736,1054,0.39099999999999113
8737,1054,0.14400000000000546
8738,1054,0.1490000000000009
8754,1055,0.0
8755,1055,0.036000000000001364
8756,1055,0.09600000000000364
8757,1055,0.6370000000000005
8758,1055,0.06999999999999318
8774,1056,0.0
8775,1056,0.22999999999998977
8776,1056,0.025000000000005684
8777,1056,0.010000000000005116
8778,1056,0.009000000000000341
8793,1057,0.0
8794,1057,0.23199999999999932
8795,1057,0.11299999999999955
8796,1057,0.001999999999995339
8797,1057,0.01099999999999568
8813,1059,0.0
8814,1059,0.2580000000000098
8815,1059,0.1280000000000001
8816,1059,0.0689999999999884
8817,1059,0.39500000000001023
8833,1058,0.0
8834,1058,0.1939999999999955
8835,1058,0.03200000000001069
8836,1058,0.05299999999999727
8837,1058,0.04800000000000182
8853,1060,0.0
8854,1060,0.04800000000000182
8855,1060,0.2220000000000013
8856,1060,0.023999999999993804
8857,1060,0.0350000000000108
8873,1061,0.0
8874,1061,0.07500000000000284
8875,1061,0.11899999999999977
8876,1061,0.5
8877,1061,0.015999999999991132
8893,1062,0.0
8894,1062,0.3149999999999977
8895,1062,0.10600000000000875
8896,1062,0.5809999999999889
8897,1062,0.06200000000001182
8913,1063,0.0
8914,1063,0.32099999999999795
8915,1063,0.01300000000000523
8916,1063,0.7650000000000006
8917,1063,0.07099999999999795
8933,1064,0.0
8934,1064,0.0379999999999967
8935,1064,0.2989999999999924
8936,1064,0.2560000000000002
8937,1064,0.049000000000006594
8953,1065,0.0
8954,1065,0.09599999999998943
8955,1065,0.31500000000001194
8956,1065,0.022999999999996135
8957,1065,0.006000000000000227
8973,1066,0.0
8974,1066,0.5169999999999959
8975,1066,0.4730000000000132
8976,1066,1.066999999999993
8977,1066,0.10600000000000875
8995,1067,0.0
8996,1067,0.13000000000000966
8997,1067,0.1979999999999933
8998,1067,0.06900000000000261
8999,1067,0.06099999999999284
9015,1069,0.0
9016,1069,0.20900000000000318
9017,1069,0.015000000000000568
9018,1069,0.340999999999994
9019,1069,0.13100000000000023
9035,1070,0.0
9036,1070,0.14499999999999602
9037,1070,0.2049999999999983
9038,1070,0.11700000000000443
9039,1070,0.11400000000000432
9055,1071,0.0
9056,1071,0.4380000000000024
9057,1071,0.0969999999999942
9058,1071,0.014000000000010004
9059,1071,0.29399999999999693
9075,1051,0.0
9076,1051,0.4549999999999983
9077,1051,0.19600000000001216
9078,1051,0.16199999999999193
9079,1051,0.030000000000001137
9095,1072,0.0
9096,1072,0.1110000000000042
9097,1072,0.0309999999999917
9098,1072,0.40100000000001046
9099,1072,0.06900000000000261
9115,1073,0.0
9116,1073,0.3709999999999951
9117,1073,0.4509999999999934
9118,1073,0.016000000000005343
9119,1073,0.045000000000001705
9135,1074,0.0
9136,1074,0.12300000000000466
9137,1074,0.006000000000000227
9138,1074,0.23399999999999466
9139,1074,0.3170000000000073
9163,1075,0.0
9164,1075,-0.6069999999999993
9165,1075,-0.0589999999999975
9166,1075,-0.1770000000000067
9167,1075,-0.024999999999991473
9175,1076,0.0
9176,1076,0.28600000000000136
9177,1076,0.08599999999999852
9178,1076,0.46300000000000807
9179,1076,0.12199999999999989
9195,1077,0.0
9196,1077,0.7789999999999964
9197,1077,0.35300000000000864
9198,1077,0.03300000000000125
9199,1077,0.0379999999999967
9215,1078,0.0
9216,1078,0.19000000000001194
9217,1078,0.0049999999999954525
9218,1078,0.045000000000001705
9219,1078,0.43899999999999295
9235,1079,0.0
9236,1079,0.3230000000000075
9237,1079,0.09299999999998931
9238,1079,0.22700000000000387
9239,1079,0.027000000000001023
9255,1080,0.0
9256,1080,0.22499999999999432
9257,1080,0.028000000000005798
9258,1080,0.03699999999999193
9259,1080,0.18300000000000693
9275,1081,0.0
9276,1081,0.28199999999998226
9277,1081,0.06500000000001194
9278,1081,0.10799999999998988
9279,1081,0.8980000000000103
9295,1082,0.0
9296,1082,0.644999999999996
9297,1082,0.15200000000000102
9298,1082,0.7949999999999875
9299,1082,0.06900000000001683
9315,1083,0.0
9316,1083,0.07200000000000273
9317,1083,0.242999999999995
9318,1083,0.31799999999999784
9319,1083,0.3790000000000049
9335,1084,0.0
9336,1084,0.029000000000010573
9337,1084,0.05299999999999727
9338,1084,0.3649999999999949
9339,1084,0.2950000000000017
9355,1085,0.0
9356,1085,0.30400000000000205
9357,1085,0.15900000000000603
9358,1085,0.4299999999999926
9359,1085,0.2669999999999959
9375,1086,0.0
9376,1086,0.04399999999999693
9377,1086,0.146000000000015
9378,1086,0.20199999999999818
9379,1086,0.24899999999999523
9395,1087,0.0
9396,1087,0.632000000000005
9397,1087,0.16500000000000625
9398,1087,0.09099999999999397
9399,1087,0.6270000000000095
9415,1088,0.0
9416,1088,0.021000000000000796
9417,1088,0.07099999999999795
9418,1088,0.21399999999999864
9419,1088,0.42900000000000205
9435,1089,0.0
9436,1089,0.14499999999999602
9437,1089,0.12300000000000466
9438,1089,0.777000000000001
9439,1089,0.31799999999999784
9455,1091,0.0
9456,1091,0.02199999999999136
9457,1091,0.03200000000001069
9458,1091,0.11699999999999022
9459,1091,0.3830000000000098
9475,1092,0.0
9476,1092,0.009999999999990905
9477,1092,0.047000000000011255
9478,1092,0.347999999999999
9479,1092,0.45599999999998886
9495,1093,0.0
9496,1093,0.06499999999999773
9497,1093,0.027000000000015234
9498,1093,0.19700000000000273
9499,1093,0.3019999999999925
9515,1094,0.0
9516,1094,0.30400000000000205
9517,1094,0.0049999999999954525
9518,1094,0.04399999999999693
9519,1094,0.22299999999999898
9535,1095,0.0
9536,1095,0.20299999999998875
9537,1095,0.18200000000000216
9538,1095,0.20400000000000773
9539,1095,0.09399999999999409
9555,1096,0.0
9556,1096,0.22799999999999443
9557,1096,0.04000000000000625
9558,1096,0.15000000000000568
9559,1096,0.26599999999999113
9575,1098,0.0
9576,1098,0.13800000000000523
9577,1098,0.15399999999999636
9578,1098,0.15399999999999636
9579,1098,0.18200000000000216
9595,1099,0.0
9596,1099,0.15500000000000114
9597,1099,0.3100000000000023
9598,1099,0.12699999999999534
9599,1099,0.07399999999999807
9615,1100,0.0
9616,1100,0.2360000000000042
9617,1100,0.13599999999999568
9618,1100,0.03499999999999659
9619,1100,0.13100000000000023
9635,1101,0.0
9636,1101,0.18799999999998818
9637,1101,0.10400000000001342
9638,1101,0.5209999999999866
9639,1101,0.16100000000000136
9655,1102,0.0
9656,1102,0.36099999999999
9657,1102,0.14700000000000557
9658,1102,0.41799999999999216
9659,1102,0.019000000000005457
9675,1104,0.0
9676,1104,0.08400000000000318
9677,1104,0.02200000000000557
9678,1104,0.08199999999999363
9679,1104,0.07699999999999818
9695,1105,0.0
9696,1105,0.4619999999999891
9697,1105,0.058000000000006935
9698,1105,0.02400000000000091
9699,1105,0.001999999999995339
9715,1106,0.0
9716,1106,1.2439999999999998
9717,1106,0.1839999999999975
9718,1106,0.340999999999994
9719,1106,0.26600000000000534
9735,1107,0.0
9736,1107,0.04799999999998761
9737,1107,0.14200000000001012
9738,1107,0.07699999999999818
9739,1107,0.16100000000000136
9755,1108,0.0
9756,1108,0.24099999999999966
9757,1108,0.13100000000000023
9758,1108,0.04399999999999693
9759,1108,0.012000000000000455
9775,1109,0.0
9776,1109,0.002999999999985903
9777,1109,0.08200000000000784
9778,1109,0.21099999999999852
9779,1109,0.0660000000000025
9795,1110,0.0
9796,1110,0.8199999999999932
9797,1110,0.05700000000000216
9798,1110,0.04200000000000159
9799,1110,0.06499999999999773
9815,1111,0.0
9816,1111,0.5369999999999919
9817,1111,0.18999999999999773
9818,1111,0.125
9819,1111,0.0870000000000033
9835,1112,0.0
9836,1112,0.01300000000000523
9837,1112,0.054000000000002046
9838,1112,0.30999999999998806
9839,1112,0.017000000000010118
9855,1113,0.0
9856,1113,0.07199999999998852
9857,1113,0.007000000000005002
9858,1113,0.20699999999999363
9859,1113,0.2150000000000034
9875,1114,0.0
9876,1114,0.5810000000000031
9877,1114,0.03499999999999659
9878,1114,0.049000000000006594
9879,1114,0.10800000000000409
9895,1115,0.0
9896,1115,0.4410000000000025
9897,1115,0.08600000000001273
9898,1115,0.06399999999999295
9899,1115,0.05500000000000682
9915,1116,0.0
9916,1116,0.13000000000000966
9917,1116,0.00899999999998613
9918,1116,0.08299999999999841
9919,1116,0.13400000000001455
9935,1117,0.0
9936,1117,0.06700000000000728
9937,1117,0.030000000000001137
9938,1117,0.11899999999999977
9939,1117,0.04099999999999682
9955,1118,0.0
9956,1118,0.29399999999999693
9957,1118,0.3229999999999933
9958,1118,0.043000000000006366
9959,1118,0.08199999999999363
9975,1119,0.0
9976,1119,0.04400000000001114
9977,1119,0.333999999999989
9978,1119,0.007999999999995566
9979,1119,0.12700000000000955
9995,1120,0.0
9996,1120,0.13900000000001
9997,1120,0.1979999999999933
9998,1120,0.006000000000000227
9999,1120,0.028000000000005798
10015,1121,0.0
10016,1121,0.22799999999999443
10017,1121,0.07800000000000296
10018,1121,0.02200000000000557
10019,1121,0.030000000000001137
10035,1122,0.0
10036,1122,0.3189999999999884
10037,1122,0.016000000000005343
10038,1122,0.03900000000000148
10039,1122,0.242999999999995
10055,1123,0.0
10056,1123,0.27000000000001023
10057,1123,0.08899999999999864
10058,1123,0.04099999999999682
10059,1123,0.12000000000000455
10074,1124,0.0
10075,1124,0.0660000000000025
10076,1124,0.2259999999999991
10077,1124,0.19299999999999784
10078,1124,0.0040000000000048885
10094,1125,0.0
10095,1125,0.32200000000000273
10096,1125,0.16599999999999682
10097,1125,0.016999999999995907
10098,1125,0.10800000000000409
10114,1126,0.0
10115,1126,0.14100000000000534
10116,1126,0.07299999999999329
10117,1126,0.005000000000009663
10118,1126,0.13399999999998613
10134,1127,0.0
10135,1127,0.07399999999999807
10136,1127,0.017000000000010118
10137,1127,0.13299999999999557
10138,1127,0.26300000000000523
10154,1128,0.0
10155,1128,0.15400000000001057
10156,1128,0.09399999999999409
10157,1128,0.02400000000000091
10158,1128,0.0010000000000047748
10174,1129,0.0
10175,1129,0.0
10176,1129,0.021000000000000796
10177,1129,0.08199999999999363
10178,1129,0.07500000000000284
10194,1130,0.0
10195,1130,0.020000000000010232
10196,1130,0.2979999999999876
10197,1130,0.0020000000000095497
10198,1130,0.027999999999991587
10214,1131,0.0
10215,1131,0.4040000000000106
10216,1131,0.12199999999999989
10217,1131,0.01099999999999568
10218,1131,0.05200000000000671
10234,1132,0.0
10235,1132,0.17099999999999227
10236,1132,0.04000000000000625
10237,1132,0.17300000000000182
10238,1132,0.033999999999991815
