,datetimeEpoch,temp,pressure,visibility,humidity,precip,windspeed,raceId
0,1268560800,95.6,1013.3,6.2,14.37,0.0,6.2,337
0,1268564400,93.7,1012.3,6.2,27.99,0.0,8.6,337
0,1268568000,88.0,1012.6,7.9,36.21,0.0,8.5,337
0,1268571600,84.7,1012.3,6.2,42.12,0.0,8.3,337
0,1268575200,84.5,1012.3,6.2,46.36,0.0,8.1,337
0,1268578800,81.0,1012.5,6.2,44.7,0.0,7.3,337
0,1269748800,77.8,1009.7,18.6,47.33,0.0,13.5,338
0,1269752400,78.8,1008.9,6.3,39.06,0.0,13.1,338
0,1269756000,75.5,1009.3,6.5,47.51,0.0,11.1,338
0,1269759600,75.3,1009.7,18.6,51.07,0.0,7.2,338
0,1269763200,73.4,1009.8,6.3,51.14,0.0,15.0,338
0,1269766800,71.6,1010.3,6.5,58.9,0.0,19.1,338
0,1270360800,89.6,1009.1,6.4,66.55,0.0,6.9,339
0,1270364400,89.6,1008.1,6.4,70.59,0.0,5.8,339
0,1270368000,89.6,1007.1,6.4,62.67,0.0,11.4,339
0,1270371600,89.6,1007.1,6.4,62.69,0.0,11.4,339
0,1270375200,86.0,1007.1,6.4,70.25,0.0,10.3,339
0,1270378800,84.2,1007.1,6.4,74.41,0.0,6.9,339
0,1271563200,69.6,1018.1,6.3,64.66,0.0,19.9,340
0,1271566800,69.6,1017.0,6.3,65.05,0.0,15.9,340
0,1271570400,69.9,1016.2,8.3,67.23,0.0,13.3,340
0,1271574000,66.2,1016.0,6.5,77.62,0.0,15.9,340
0,1271577600,64.4,1015.0,6.5,82.63,0.0,15.7,340
0,1271581200,64.4,1015.3,6.9,82.46,0.0,13.1,340
0,1273399200,64.6,1008.0,6.5,65.01,0.0,4.1,341
0,1273402800,66.3,1007.2,6.5,57.94,0.0,8.8,341
0,1273406400,66.5,1007.1,6.5,57.44,0.0,10.2,341
0,1273410000,66.5,1007.0,6.5,60.88,0.0,10.3,341
0,1273413600,67.9,1006.0,6.5,61.42,0.0,8.4,341
0,1273417200,66.3,1005.1,6.5,64.78,0.0,9.8,341
0,1274004000,65.3,1008.1,19.1,61.16,0.0,8.7,342
0,1274007600,67.9,1008.1,26.7,54.48,0.0,11.2,342
0,1274011200,68.2,1008.4,18.7,59.2,0.0,12.8,342
0,1274014800,66.5,1009.0,18.3,62.26,0.0,14.4,342
0,1274018400,66.0,1009.8,12.2,58.76,0.0,11.9,342
0,1274022000,67.1,1010.1,20.3,52.65,0.0,8.1,342
0,1275210000,80.5,1014.9,6.2,44.94,0.0,2.3,343
0,1275213600,80.5,1014.0,6.7,45.65,0.0,5.8,343
0,1275217200,82.2,1013.9,6.8,43.15,0.0,6.9,343
0,1275220800,82.3,1013.9,6.5,42.38,0.0,8.1,343
0,1275224400,82.3,1012.9,6.8,45.3,0.0,7.9,343
0,1275228000,80.5,1012.9,6.8,51.26,0.0,7.9,343
0,1276437600,68.0,1014.7,9.8,72.81,0.0,4.8,344
0,1276441200,71.7,1014.1,12.5,64.21,0.0,4.9,344
0,1276444800,73.8,1013.7,12.5,60.13,0.0,6.0,344
0,1276448400,75.6,1013.3,12.5,52.98,0.0,4.7,344
0,1276452000,75.5,1012.9,13.2,49.64,0.0,4.9,344
0,1276455600,77.0,1012.5,12.5,47.68,0.0,3.6,344
0,1277632800,83.2,1016.4,6.2,31.38,0.0,5.2,345
0,1277636400,83.0,1017.1,6.5,27.93,0.0,10.8,345
0,1277640000,82.2,1017.4,12.1,29.77,0.0,10.8,345
0,1277643600,84.0,1016.8,6.5,25.74,0.0,7.5,345
0,1277647200,85.2,1016.6,6.5,27.46,0.0,9.7,345
0,1277650800,85.0,1015.8,9.2,29.81,0.0,7.5,345
0,1278842400,69.0,1014.1,24.5,54.55,0.0,12.1,346
0,1278846000,70.5,1014.2,25.0,46.67,0.0,12.0,346
0,1278849600,71.5,1014.5,24.5,43.43,0.0,10.4,346
0,1278853200,72.4,1014.7,26.2,42.31,0.0,7.9,346
0,1278856800,73.5,1014.8,24.9,39.33,0.0,7.9,346
0,1278860400,73.1,1014.8,25.3,36.96,0.0,7.2,346
0,1280052000,64.5,1018.0,6.8,63.64,0.0,6.9,347
0,1280055600,68.1,1017.3,6.8,56.17,0.0,11.4,347
0,1280059200,68.1,1017.1,6.8,56.17,0.0,10.3,347
0,1280062800,68.1,1016.7,6.8,56.17,0.0,9.2,347
0,1280066400,69.9,1016.5,6.8,56.42,0.0,8.1,347
0,1280070000,68.1,1016.3,6.8,60.01,0.0,11.4,347
0,1280656800,81.3,1016.1,11.8,56.25,0.0,4.0,348
0,1280660400,82.9,1016.0,12.3,52.18,0.0,4.6,348
0,1280664000,82.8,1015.9,13.8,54.15,0.0,7.0,348
0,1280667600,83.9,1015.8,14.9,48.98,0.0,9.3,348
0,1280671200,84.2,1015.7,14.9,48.42,0.0,8.4,348
0,1280674800,83.7,1015.1,16.3,49.05,0.0,8.5,348
0,1283076000,53.2,1016.1,18.6,80.05,0.0,11.3,349
0,1283079600,54.8,1015.4,18.5,74.28,0.0,11.4,349
0,1283083200,57.1,1014.5,18.6,65.76,0.0,13.6,349
0,1283086800,57.6,1013.7,18.7,65.07,0.0,11.3,349
0,1283090400,52.6,1013.5,13.0,85.51,0.0,13.5,349
0,1283094000,50.8,1013.2,7.5,92.23,0.0,13.5,349
0,1284285600,71.1,1018.9,6.2,57.33,0.0,4.3,350
0,1284289200,72.9,1018.2,6.2,53.9,0.0,5.0,350
0,1284292800,74.4,1018.1,7.2,49.25,0.0,4.4,350
0,1284296400,74.8,1017.2,6.3,46.43,0.0,3.2,350
0,1284300000,76.9,1016.5,6.4,44.61,0.0,2.3,350
0,1284303600,75.7,1016.2,6.2,45.57,0.0,4.1,350
0,1285495200,87.3,1007.1,6.6,61.21,0.0,2.9,351
0,1285498800,86.3,1008.1,6.6,67.39,0.0,1.8,351
0,1285502400,84.5,1009.1,6.6,71.33,0.0,1.6,351
0,1285506000,84.5,1009.9,6.6,71.33,0.0,1.6,351
0,1285509600,82.9,1010.2,6.5,75.54,0.0,0.9,351
0,1285513200,82.9,1010.3,6.5,80.32,0.0,0.5,351
0,1286683200,79.3,1006.6,24.1,56.24,0.0,11.9,352
0,1286686800,76.9,1007.1,21.7,59.89,0.0,12.6,352
0,1286690400,76.5,1007.7,18.9,59.26,0.001,10.9,352
0,1286694000,75.8,1008.1,27.4,57.56,0.0,10.7,352
0,1286697600,73.8,1008.8,30.3,59.34,0.0,9.5,352
0,1286701200,71.7,1009.6,27.1,62.44,0.0,6.5,352
0,1287889200,64.5,1013.1,6.7,96.48,0.0,5.8,353
0,1287892800,66.2,1011.9,3.7,88.19,0.0,4.7,353
0,1287896400,68.0,1010.8,3.7,82.87,0.0,3.4,353
0,1287900000,64.8,1011.0,6.3,95.44,0.0,2.7,353
0,1287903600,68.0,1010.8,4.3,82.87,0.0,2.2,353
0,1287907200,66.2,1010.8,4.3,88.19,0.0,4.7,353
0,1289138400,75.2,1015.7,6.6,48.65,0.0,5.1,354
0,1289142000,77.2,1014.8,6.6,46.76,0.0,6.1,354
0,1289145600,77.3,1014.7,6.3,43.71,0.0,5.1,354
0,1289149200,77.6,1013.7,6.6,51.14,0.0,7.6,354
0,1289152800,77.7,1013.6,10.9,55.43,0.0,9.4,354
0,1289156400,74.1,1013.7,6.5,63.24,0.0,10.9,354
0,1289732400,86.1,1011.9,6.5,45.99,0.0,16.0,355
0,1289736000,85.6,1011.9,6.3,50.56,0.0,14.4,355
0,1289739600,84.2,1012.0,6.5,51.95,0.0,12.1,355
0,1289743200,82.4,1013.0,5.7,61.69,0.0,9.8,355
0,1289746800,81.0,1013.9,5.9,61.85,0.0,6.7,355
0,1289750400,80.9,1014.0,6.2,58.54,0.0,7.1,355
0,1301198400,65.4,1025.6,24.9,62.14,0.0,7.0,841
0,1301202000,66.2,1025.1,6.5,56.59,0.0,7.5,841
0,1301205600,64.2,1025.4,6.5,61.62,0.0,11.2,841
0,1301209200,64.1,1025.2,24.9,64.78,0.0,9.3,841
0,1301212800,60.9,1026.1,6.8,67.57,0.0,8.3,841
0,1301216400,57.3,1026.3,6.6,76.12,0.0,6.8,841
0,1302415200,84.1,1010.8,6.6,78.64,0.003,6.9,842
0,1302418800,84.1,1010.2,5.6,79.11,0.0,5.8,842
0,1302422400,82.4,1009.1,6.4,83.8,0.0,2.2,842
0,1302426000,82.5,1009.1,6.2,83.08,0.0,3.4,842
0,1302429600,82.4,1009.1,6.4,83.8,0.0,3.4,842
0,1302433200,80.6,1010.2,6.4,83.7,0.0,4.7,842
0,1303016400,67.4,1009.2,6.2,27.05,0.0,7.3,843
0,1303020000,68.4,1008.4,8.4,32.47,0.0,7.4,843
0,1303023600,69.0,1007.2,6.2,32.9,0.0,7.5,843
0,1303027200,67.3,1007.2,6.2,39.5,0.0,11.4,843
0,1303030800,65.1,1007.1,7.3,40.43,0.0,9.7,843
0,1303034400,62.1,1007.2,6.2,29.57,0.0,9.2,843
0,1304848800,62.2,1016.0,7.3,47.21,0.0,7.7,844
0,1304852400,62.3,1016.9,7.3,43.83,0.0,10.7,844
0,1304856000,60.9,1016.9,6.5,44.61,0.0,16.0,844
0,1304859600,60.7,1016.0,6.8,51.84,0.0,15.6,844
0,1304863200,59.0,1016.9,6.8,51.64,0.0,14.6,844
0,1304866800,55.4,1016.9,6.5,62.57,0.0,15.1,844
0,1306058400,75.4,1020.0,7.4,35.77,0.0,2.9,845
0,1306062000,77.2,1020.0,7.4,33.61,0.0,7.4,845
0,1306065600,77.3,1020.0,7.7,35.29,0.0,8.8,845
0,1306069200,78.9,1020.0,7.4,30.0,0.0,9.2,845
0,1306072800,78.9,1020.0,7.4,29.75,0.0,8.6,845
0,1306076400,80.0,1020.0,7.6,28.49,0.0,9.6,845
0,1306663200,71.4,1018.8,19.7,67.49,0.0,6.8,846
0,1306666800,71.0,1019.0,19.5,69.4,0.0,6.4,846
0,1306670400,71.6,1018.9,19.2,69.75,0.0,6.4,846
0,1306674000,71.7,1018.7,19.2,70.02,0.0,6.0,846
0,1306677600,71.9,1018.6,19.7,64.97,0.0,5.8,846
0,1306681200,71.7,1018.4,17.3,66.45,0.0,4.3,846
0,1307890800,59.0,1010.1,9.8,93.52,0.027,4.0,847
0,1307894400,60.8,1009.3,9.3,87.86,0.0,4.2,847
0,1307898000,62.7,1008.7,9.3,87.82,0.0,4.0,847
0,1307901600,61.3,1008.6,5.9,91.21,0.374,5.5,847
0,1307905200,60.7,1008.1,4.7,93.61,0.0,5.8,847
0,1307908800,60.8,1007.9,9.8,93.71,0.0,5.2,847
0,1309082400,85.8,1020.8,6.2,38.1,0.0,6.4,848
0,1309086000,85.0,1020.9,6.2,41.01,0.0,10.8,848
0,1309089600,83.8,1020.8,18.6,47.41,0.0,11.4,848
0,1309093200,83.9,1020.6,6.2,45.04,0.0,11.4,848
0,1309096800,83.9,1020.5,6.2,42.89,0.0,10.8,848
0,1309100400,86.3,1020.0,18.6,39.37,0.0,9.2,848
0,1310292000,64.3,1017.5,14.5,64.54,0.0,4.3,849
0,1310295600,66.7,1017.3,15.5,59.37,0.0,5.2,849
0,1310299200,67.6,1017.1,16.8,55.69,0.0,5.3,849
0,1310302800,68.4,1017.0,20.6,53.76,0.0,5.0,849
0,1310306400,68.1,1017.1,16.7,56.54,0.0,5.5,849
0,1310310000,68.4,1017.0,18.6,53.12,0.0,5.1,849
0,1311501600,50.3,1010.4,6.8,95.57,0.0,12.0,850
0,1311505200,53.1,1010.4,6.8,88.13,0.0,13.3,850
0,1311508800,53.7,1010.3,7.2,90.19,0.032,12.1,850
0,1311512400,55.0,1010.3,7.5,84.11,0.0,13.1,850
0,1311516000,54.5,1010.3,8.0,90.46,0.006,10.3,850
0,1311519600,56.0,1010.3,7.7,84.16,0.0,7.8,850
0,1312106400,61.6,1011.1,9.4,83.31,0.0,11.0,851
0,1312110000,62.0,1011.2,9.4,79.6,0.0,10.9,851
0,1312113600,63.1,1011.3,9.4,80.13,0.021,8.3,851
0,1312117200,63.5,1011.3,10.9,75.2,0.0,13.8,851
0,1312120800,64.0,1011.2,12.3,76.6,0.0,11.3,851
0,1312124400,64.2,1011.1,12.3,73.92,0.0,13.0,851
0,1314525600,55.5,1018.8,22.0,66.24,0.0,14.2,852
0,1314529200,55.4,1018.9,25.1,67.26,0.0,13.7,852
0,1314532800,55.8,1018.7,22.1,70.42,0.0,12.0,852
0,1314536400,57.0,1018.3,22.0,64.19,0.0,11.6,852
0,1314540000,58.6,1018.0,21.2,60.08,0.0,9.9,852
0,1314543600,58.1,1017.7,21.2,61.46,0.0,11.7,852
0,1315735200,79.9,1016.9,6.3,59.39,0.0,2.7,853
0,1315738800,81.8,1016.8,6.0,55.88,0.0,2.7,853
0,1315742400,83.1,1015.9,6.1,51.27,0.0,4.1,853
0,1315746000,83.5,1015.1,6.5,51.98,0.0,4.5,853
0,1315749600,83.8,1014.8,6.5,49.36,0.0,4.9,853
0,1315753200,83.5,1014.1,6.1,50.28,0.0,5.1,853
0,1316944800,86.4,1008.1,6.8,75.4,0.0,9.8,854
0,1316948400,85.7,1008.1,6.6,74.05,0.0,5.8,854
0,1316952000,85.6,1009.3,6.6,70.33,0.0,5.4,854
0,1316955600,85.2,1010.2,6.6,72.22,0.0,4.1,854
0,1316959200,83.9,1010.3,6.6,78.45,0.0,1.9,854
0,1316962800,83.4,1011.0,6.4,82.71,0.0,2.0,854
0,1318132800,72.9,1023.5,12.3,46.33,0.0,5.1,855
0,1318136400,73.0,1022.5,12.4,43.75,0.0,5.0,855
0,1318140000,72.4,1022.7,11.2,43.04,0.0,4.6,855
0,1318143600,71.7,1022.7,12.4,41.71,0.0,4.1,855
0,1318147200,69.2,1023.0,10.2,50.08,0.0,5.0,855
0,1318150800,68.5,1023.2,12.1,59.95,0.0,6.0,855
0,1318737600,68.0,1011.9,6.5,45.91,0.0,15.0,856
0,1318741200,68.0,1011.9,6.5,52.54,0.0,17.2,856
0,1318744800,65.0,1012.5,10.4,59.63,0.0,10.2,856
0,1318748400,68.0,1011.9,6.5,64.07,0.0,12.8,856
0,1318752000,66.2,1011.9,6.5,52.28,0.0,13.9,856
0,1318755600,63.2,1013.1,12.7,60.14,0.0,8.1,856
0,1319959800,85.1,1011.9,1.2,30.75,0.0,8.1,857
0,1319963400,86.3,1009.4,1.2,27.05,0.0,6.5,857
0,1319967000,86.1,1010.2,1.9,25.3,0.0,9.2,857
0,1319970600,83.3,1010.2,1.2,31.58,0.0,6.4,857
0,1319974200,80.9,1009.5,1.2,40.74,0.0,2.7,857
0,1319977800,80.7,1010.2,1.2,34.46,0.0,3.4,857
0,1321182000,82.4,1013.0,6.2,43.58,0.0,7.1,858
0,1321185600,80.7,1013.0,6.2,51.32,0.0,7.1,858
0,1321189200,78.8,1013.0,6.2,58.17,0.0,8.0,858
0,1321192800,77.3,1013.9,6.2,64.53,0.0,7.9,858
0,1321196400,75.5,1014.2,6.2,68.54,0.0,6.0,858
0,1321200000,75.5,1014.1,6.2,68.53,0.0,6.4,858
0,1322402400,75.5,1016.7,6.5,64.28,0.0,3.2,859
0,1322406000,74.1,1016.6,6.6,66.49,0.0,7.1,859
0,1322409600,76.8,1015.6,5.2,65.38,0.0,10.5,859
0,1322413200,76.9,1014.9,6.5,65.0,0.0,9.2,859
0,1322416800,75.6,1014.6,9.0,64.65,0.0,11.7,859
0,1322420400,74.1,1014.6,6.5,67.47,0.0,12.0,859
0,1332043200,69.4,1023.8,18.6,57.61,0.0,11.9,860
0,1332046800,69.5,1023.0,6.5,56.37,0.0,10.7,860
0,1332050400,69.5,1022.9,6.5,58.46,0.0,11.2,860
0,1332054000,69.3,1022.2,18.6,58.08,0.0,11.8,860
0,1332057600,65.9,1023.0,6.5,68.95,0.0,13.0,860
0,1332061200,63.7,1023.3,6.8,75.13,0.0,12.6,860
0,1332655200,87.8,1010.2,6.2,75.02,0.0,8.1,861
0,1332658800,87.8,1009.1,6.4,74.77,0.0,5.8,861
0,1332662400,82.4,1008.1,5.6,78.89,0.0,16.1,861
0,1332666000,77.2,1008.8,5.0,93.58,0.0,5.8,861
0,1332669600,78.8,1008.1,6.4,94.13,0.0,3.4,861
0,1332673200,77.0,1009.1,4.4,94.08,0.0,6.9,861
0,1334466000,69.5,1011.9,6.5,53.75,0.0,4.9,862
0,1334469600,68.2,1010.9,8.9,52.03,0.0,3.2,862
0,1334473200,67.7,1010.3,6.2,50.66,0.0,3.1,862
0,1334476800,67.5,1010.3,6.2,53.81,0.0,3.1,862
0,1334480400,65.8,1010.3,7.3,61.07,0.0,8.3,862
0,1334484000,64.1,1010.8,6.2,60.61,0.0,6.7,862
0,1335088800,79.9,1008.8,5.0,33.82,0.0,17.7,863
0,1335092400,80.6,1009.0,5.0,35.35,0.0,21.0,863
0,1335096000,81.4,1008.2,5.6,34.32,0.0,10.6,863
0,1335099600,80.5,1008.8,5.6,35.71,0.0,13.1,863
0,1335103200,80.5,1008.5,5.6,37.39,0.0,9.6,863
0,1335106800,78.1,1008.6,5.6,41.22,0.0,7.0,863
0,1336903200,71.6,1019.9,7.1,67.56,0.0,4.3,864
0,1336906800,73.3,1019.1,7.8,63.83,0.0,9.0,864
0,1336910400,72.8,1019.0,6.8,65.01,0.0,9.3,864
0,1336914000,72.7,1018.1,7.4,65.4,0.0,10.9,864
0,1336917600,73.2,1017.1,7.4,64.64,0.0,10.0,864
0,1336921200,69.8,1017.0,7.2,68.31,0.005,14.1,864
0,1338112800,68.4,1017.9,13.8,69.09,0.0,6.1,865
0,1338116400,69.7,1017.7,13.3,72.42,0.0,6.0,865
0,1338120000,69.2,1017.3,14.1,69.56,0.0,7.2,865
0,1338123600,68.3,1016.9,13.6,69.48,0.0,6.6,865
0,1338127200,67.6,1017.4,7.1,70.51,0.006,7.5,865
0,1338130800,64.5,1017.4,10.2,70.43,0.0,3.0,865
0,1339344000,75.2,1019.1,12.5,43.77,0.0,2.3,866
0,1339347600,77.1,1018.5,12.5,31.38,0.0,4.6,866
0,1339351200,77.5,1018.5,13.2,32.9,0.0,4.7,866
0,1339354800,77.2,1018.7,12.5,31.21,0.0,3.2,866
0,1339358400,79.2,1018.5,12.5,29.95,0.0,2.9,866
0,1339362000,78.9,1018.8,12.5,29.93,0.0,3.5,866
0,1340532000,84.4,1020.3,6.2,47.07,0.0,6.4,867
0,1340535600,85.6,1020.4,6.2,40.59,0.0,13.3,867
0,1340539200,85.5,1020.3,24.9,35.98,0.0,14.4,867
0,1340542800,83.7,1020.1,6.2,40.31,0.0,15.0,867
0,1340546400,83.5,1020.0,6.2,48.83,0.0,12.0,867
0,1340550000,83.1,1019.5,15.1,53.38,0.0,12.1,867
0,1341741600,59.6,1005.4,7.3,88.43,0.0,9.2,868
0,1341745200,61.6,1005.7,10.0,83.35,0.0,8.2,868
0,1341748800,63.1,1006.0,12.9,77.34,0.02,8.5,868
0,1341752400,63.4,1006.3,8.6,79.82,0.0,8.4,868
0,1341756000,64.6,1006.4,14.6,74.43,0.0,7.2,868
0,1341759600,64.3,1006.8,17.7,74.87,0.0,6.1,868
0,1342951200,64.5,1028.0,6.8,52.03,0.0,8.1,869
0,1342954800,66.3,1027.6,6.8,45.65,0.0,4.7,869
0,1342958400,64.5,1028.1,6.8,48.6,0.0,8.1,869
0,1342962000,68.1,1027.7,6.8,42.9,0.0,2.2,869
0,1342965600,68.1,1027.4,6.8,42.9,0.0,4.7,869
0,1342969200,68.1,1027.4,6.8,42.9,0.0,8.1,869
0,1343556000,82.4,1010.6,13.5,56.51,0.0,5.6,870
0,1343559600,84.5,1010.0,13.5,56.77,0.0,5.1,870
0,1343563200,86.2,1009.8,13.5,52.08,0.002,6.1,870
0,1343566800,88.6,1009.0,13.5,46.11,0.0,4.5,870
0,1343570400,91.1,1008.7,13.5,41.11,0.0,4.6,870
0,1343574000,90.8,1008.5,13.8,40.16,0.0,4.6,870
0,1346580000,61.4,1025.4,18.6,56.86,0.0,6.5,871
0,1346583600,62.8,1025.1,21.6,48.55,0.0,6.0,871
0,1346587200,64.2,1024.6,19.0,48.43,0.0,6.0,871
0,1346590800,65.3,1024.4,19.1,54.06,0.0,6.4,871
0,1346594400,65.3,1024.0,18.6,48.56,0.0,6.9,871
0,1346598000,65.2,1023.9,18.6,51.11,0.0,4.5,871
0,1347184800,78.6,1018.9,6.3,52.45,0.0,2.7,872
0,1347188400,80.2,1018.3,6.3,50.11,0.0,3.0,872
0,1347192000,82.3,1017.9,6.3,47.0,0.0,2.8,872
0,1347195600,82.7,1017.8,6.3,42.65,0.0,4.4,872
0,1347199200,83.4,1016.9,6.3,38.82,0.0,3.0,872
0,1347202800,83.6,1016.8,6.3,37.08,0.0,4.0,872
0,1348394400,86.8,1008.1,5.0,69.11,0.0,8.7,873
0,1348398000,85.2,1008.1,4.3,72.16,0.0,4.8,873
0,1348401600,85.1,1008.2,5.0,72.5,0.0,2.6,873
0,1348405200,85.0,1009.1,5.0,73.2,0.0,2.9,873
0,1348408800,82.9,1010.2,5.0,81.07,0.0,6.1,873
0,1348412400,81.5,1010.9,4.9,84.22,0.0,2.9,873
0,1349582400,78.1,1014.1,12.4,44.09,0.0,9.6,874
0,1349586000,77.5,1014.0,12.4,45.31,0.0,9.1,874
0,1349589600,77.3,1014.1,12.5,49.32,0.0,9.0,874
0,1349593200,75.5,1014.5,12.4,52.45,0.0,8.1,874
0,1349596800,73.2,1015.2,12.4,52.77,0.0,10.1,874
0,1349600400,70.7,1016.2,12.3,54.33,0.0,9.8,874
0,1350187200,71.6,1018.0,5.6,56.66,0.0,5.8,875
0,1350190800,71.6,1018.0,5.6,64.5,0.0,8.1,875
0,1350194400,70.9,1017.7,7.2,71.61,0.0,8.2,875
0,1350198000,71.6,1018.0,5.0,68.77,0.0,12.8,875
0,1350201600,69.8,1018.0,5.0,68.58,0.0,12.8,875
0,1350205200,64.8,1018.5,3.1,82.1,0.0,13.7,875
0,1351409400,83.3,1014.9,0.6,30.47,0.0,4.0,876
0,1351413000,84.5,1013.6,0.6,29.28,0.0,5.2,876
0,1351416600,82.3,,1.2,30.37,0.0,6.9,876
0,1351420200,82.4,1013.9,0.9,29.4,0.0,6.4,876
0,1351423800,79.7,1013.9,0.6,35.56,0.0,3.4,876
0,1351427400,78.9,1013.9,0.6,41.74,0.0,2.2,876
0,1352026800,89.6,1011.9,6.5,33.93,0.0,13.2,877
0,1352030400,87.9,1012.0,6.3,45.29,0.0,14.4,877
0,1352034000,86.0,1011.9,6.3,55.06,0.0,15.6,877
0,1352037600,84.5,1012.0,6.2,61.49,0.0,13.3,877
0,1352041200,82.9,1012.9,6.2,60.17,0.0,10.9,877
0,1352044800,82.7,1012.9,6.2,61.28,0.0,9.6,877
0,1353258000,65.9,1025.6,9.9,56.0,0.0,8.0,878
0,1353261600,69.8,1024.7,9.9,43.79,0.0,6.9,878
0,1353265200,71.7,1023.4,9.9,35.74,0.0,13.2,878
0,1353268800,73.3,1022.3,9.9,35.38,0.0,9.2,878
0,1353272400,73.7,1022.2,9.9,34.72,0.0,10.9,878
0,1353276000,73.7,1021.8,9.9,35.53,0.0,8.0,878
0,1353852000,71.6,1016.9,6.3,65.87,0.0,6.8,879
0,1353855600,70.1,1017.8,6.2,69.0,0.0,13.8,879
0,1353859200,66.4,1017.7,6.2,78.23,0.0,13.2,879
0,1353862800,66.3,1016.9,2.9,79.19,0.0,10.4,879
0,1353866400,66.1,1016.7,3.5,80.14,0.0,12.5,879
0,1353870000,64.6,1016.7,3.8,87.6,0.0,15.5,879
0,1363492800,61.2,1023.9,18.6,52.13,0.0,14.2,880
0,1363496400,62.6,1023.0,6.5,42.03,0.0,21.9,880
0,1363500000,61.5,1024.0,6.2,49.14,0.0,17.5,880
0,1363503600,59.8,1023.7,18.6,57.7,0.0,13.1,880
0,1363507200,59.0,1023.0,6.5,54.89,0.0,16.1,880
0,1363510800,58.1,1023.8,6.8,65.01,0.0,13.2,880
0,1364104800,91.1,1008.1,6.6,63.74,0.001,6.9,881
0,1364108400,89.7,1007.1,5.6,62.82,0.0,6.9,881
0,1364112000,84.2,1006.1,6.4,79.07,0.0,6.9,881
0,1364115600,85.9,1005.8,6.2,74.63,0.0,5.8,881
0,1364119200,86.0,1005.1,6.4,70.32,0.0,3.4,881
0,1364122800,84.3,1007.1,6.8,70.26,0.0,3.4,881
0,1365915600,82.5,1009.1,6.2,26.36,0.0,11.4,882
0,1365919200,80.7,1009.3,8.4,27.09,0.0,16.3,882
0,1365922800,79.2,1009.1,5.9,32.28,0.0,16.7,882
0,1365926400,70.6,1009.3,3.7,51.41,0.0,20.3,882
0,1365930000,62.2,1011.5,6.0,61.96,0.0,16.1,882
0,1365933600,58.7,1012.0,5.9,64.12,0.0,18.1,882
0,1366538400,92.4,1003.5,5.6,24.41,0.0,12.0,883
0,1366542000,84.6,1003.5,5.3,47.05,0.0,22.7,883
0,1366545600,83.6,1003.2,5.6,42.48,0.0,21.9,883
0,1366549200,82.3,1003.5,6.2,41.86,0.0,22.7,883
0,1366552800,80.0,1003.8,6.2,47.34,0.0,23.1,883
0,1366556400,78.0,1004.1,6.2,50.57,0.0,20.5,883
0,1368352800,63.2,1021.1,7.1,54.61,0.0,2.9,884
0,1368356400,66.2,1021.0,6.5,50.9,0.0,6.7,884
0,1368360000,64.8,1021.0,7.7,62.31,0.0,13.7,884
0,1368363600,66.3,1020.1,6.6,62.65,0.0,12.4,884
0,1368367200,63.4,1020.1,6.5,65.84,0.0,10.7,884
0,1368370800,64.8,1020.0,7.6,62.9,0.0,7.8,884
0,1369562400,61.1,1012.9,18.5,51.1,0.0,8.4,885
0,1369566000,62.1,1013.1,28.5,52.58,0.0,7.9,885
0,1369569600,61.8,1013.0,29.4,53.96,0.0,10.4,885
0,1369573200,63.1,1012.9,18.2,53.72,0.0,9.6,885
0,1369576800,63.2,1012.4,18.2,50.78,0.0,9.2,885
0,1369580400,63.5,1011.9,18.7,52.25,0.0,9.7,885
0,1370793600,68.3,1018.1,12.5,72.47,0.0,4.3,886
0,1370797200,70.2,1017.7,12.5,66.85,0.0,5.7,886
0,1370800800,72.1,1017.7,13.2,46.04,0.0,10.0,886
0,1370804400,73.1,1017.9,12.5,41.59,0.0,6.4,886
0,1370808000,73.3,1018.2,12.5,44.32,0.0,7.4,886
0,1370811600,73.8,1018.4,12.5,42.8,0.0,6.7,886
0,1372586400,65.8,1022.1,14.4,73.93,0.0,11.5,887
0,1372590000,67.1,1021.5,16.0,68.96,0.0,11.0,887
0,1372593600,68.5,1020.8,16.5,66.7,0.0,12.0,887
0,1372597200,70.0,1020.1,15.9,62.88,0.0,12.8,887
0,1372600800,70.7,1019.7,17.4,60.49,0.0,13.0,887
0,1372604400,70.9,1019.4,19.9,58.15,0.0,12.7,887
0,1373191200,73.8,1028.3,8.4,57.17,0.0,11.8,888
0,1373194800,74.6,1028.2,9.0,50.99,0.0,12.1,888
0,1373198400,75.5,1028.0,9.8,48.15,0.0,13.6,888
0,1373202000,76.2,1027.5,9.0,46.0,0.0,11.1,888
0,1373205600,77.3,1027.5,9.0,42.76,0.0,12.6,888
0,1373209200,76.4,1027.4,12.2,40.81,0.0,11.5,888
0,1375005600,92.9,1014.8,15.5,26.43,0.0,10.7,890
0,1375009200,94.6,1014.6,15.5,25.77,0.0,9.2,890
0,1375012800,95.5,1014.5,18.6,24.81,0.0,8.6,890
0,1375016400,96.6,1013.9,18.6,24.43,0.0,9.1,890
0,1375020000,96.5,1013.8,18.6,24.37,0.0,9.9,890
0,1375023600,97.0,1013.7,21.7,24.29,0.0,8.5,890
0,1377424800,59.3,1012.2,19.7,79.61,0.0,4.3,891
0,1377428400,60.8,1012.3,16.2,76.25,0.0,4.7,891
0,1377432000,60.9,1012.4,18.5,75.92,0.0,4.2,891
0,1377435600,61.5,1012.6,17.8,75.77,0.0,4.5,891
0,1377439200,61.1,1012.6,18.0,76.76,0.0,4.5,891
0,1377442800,60.7,1012.9,10.7,82.55,0.0,5.9,891
0,1378634400,73.0,1019.2,6.2,72.55,0.0,7.8,892
0,1378638000,73.3,1019.1,6.2,72.22,0.0,8.3,892
0,1378641600,72.7,1019.1,6.2,75.56,0.0,8.1,892
0,1378645200,72.4,1018.5,6.1,76.46,0.034,9.4,892
0,1378648800,74.1,1017.1,6.2,73.74,0.006,9.6,892
0,1378652400,73.2,1017.2,6.2,73.38,0.004,9.9,892
0,1379844000,88.1,1006.2,6.2,58.97,0.0,12.1,893
0,1379847600,85.8,1007.0,6.2,65.94,0.0,10.0,893
0,1379851200,84.2,1008.0,6.4,73.3,0.0,9.0,893
0,1379854800,84.0,1009.0,6.2,74.96,0.0,7.5,893
0,1379858400,84.2,1009.0,6.2,74.53,0.0,7.4,893
0,1379862000,84.1,1009.1,6.5,73.51,0.0,6.9,893
0,1381032000,77.0,1020.0,6.2,69.36,0.0,11.4,894
0,1381035600,77.0,1019.0,6.2,73.8,0.0,8.1,894
0,1381039200,79.8,1019.2,11.3,72.16,0.0,5.2,894
0,1381042800,78.8,1019.0,6.2,69.55,0.0,10.3,894
0,1381046400,77.0,1019.0,6.2,73.8,0.0,9.2,894
0,1381050000,76.9,1019.3,11.3,79.66,0.0,4.2,894
0,1381636800,76.7,1018.0,12.4,35.48,0.0,10.2,895
0,1381640400,76.2,1017.9,12.4,36.89,0.0,10.1,895
0,1381644000,75.8,1018.1,17.5,38.92,0.0,9.5,895
0,1381647600,73.9,1018.3,12.4,40.74,0.0,8.6,895
0,1381651200,71.5,1019.0,12.4,45.19,0.0,8.3,895
0,1381654800,69.3,1019.6,12.4,48.65,0.0,7.4,895
0,1382859000,82.5,1011.0,0.6,51.26,0.0,5.8,896
0,1382862600,86.0,1009.8,1.2,35.12,0.0,7.5,896
0,1382866200,86.1,1010.0,1.9,28.95,0.0,6.9,896
0,1382869800,85.1,1009.0,1.9,30.84,0.0,7.5,896
0,1382873400,81.9,1008.6,1.4,43.12,0.0,4.4,896
0,1382877000,78.8,1010.0,1.2,44.56,0.0,3.4,896
0,1383476400,96.8,1011.1,,23.6,0.0,4.5,897
0,1383480000,92.8,1011.5,6.2,36.81,0.0,12.2,897
0,1383483600,91.1,1011.1,,41.76,0.0,10.3,897
0,1383487200,87.8,1012.0,,49.37,0.0,8.8,897
0,1383490800,86.0,1012.8,6.2,57.69,0.0,6.0,897
0,1383494400,84.2,1013.0,,59.47,0.0,5.6,897
0,1384707600,80.2,1010.9,9.9,69.54,0.0,10.0,898
0,1384711200,82.4,1010.1,9.9,64.92,0.0,8.8,898
0,1384714800,84.6,1009.3,9.9,59.35,0.0,10.9,898
0,1384718400,84.9,1008.8,9.8,55.44,0.0,0.5,898
0,1384722000,86.3,1008.5,9.9,49.47,0.0,0.6,898
0,1384725600,89.1,1008.8,9.9,34.32,0.0,3.5,898
0,1385301600,71.9,1018.8,5.9,73.32,0.0,9.9,899
0,1385305200,70.4,1018.0,8.7,76.03,0.0,10.1,899
0,1385308800,70.5,1018.7,6.2,76.88,0.0,10.4,899
0,1385312400,68.7,1017.8,5.3,82.04,0.0,13.1,899
0,1385316000,68.0,1017.0,2.8,83.02,0.0,11.5,899
0,1385319600,66.9,1017.8,2.6,87.28,0.0,12.4,899
0,1394942400,66.0,1005.7,10.9,42.18,0.02,14.5,900
0,1394946000,65.0,1005.2,6.2,41.05,0.0,16.1,900
0,1394949600,66.6,1006.2,6.2,37.04,0.0,23.0,900
0,1394953200,65.6,1006.9,10.9,39.9,0.0,16.1,900
0,1394956800,62.7,1007.2,6.2,49.42,0.0,13.9,900
0,1394960400,60.4,1008.4,6.2,49.39,0.0,10.7,900
0,1396159200,91.5,1008.1,5.6,58.75,0.0,5.8,901
0,1396162800,91.4,1007.0,5.6,59.27,0.0,8.0,901
0,1396166400,89.6,1005.0,5.6,62.68,0.0,10.3,901
0,1396170000,89.6,1005.5,5.6,62.36,0.0,9.2,901
0,1396173600,87.8,1005.0,5.6,66.35,0.0,5.8,901
0,1396177200,86.0,1005.0,6.2,70.33,0.0,5.8,901
0,1396789200,78.7,1016.7,,27.11,0.0,19.4,902
0,1396792800,78.1,1016.7,,27.61,0.0,17.5,902
0,1396796400,75.8,1017.5,6.2,36.55,0.0,15.0,902
0,1396800000,74.0,1017.4,,38.93,0.0,13.5,902
0,1396803600,72.2,1017.7,,40.91,0.0,11.0,902
0,1396807200,71.7,1018.2,7.1,40.17,0.0,8.5,902
0,1397970000,62.4,1017.0,6.2,68.6,0.004,7.5,903
0,1397973600,62.3,1016.4,6.5,69.87,0.0,8.3,903
0,1397977200,62.3,1016.0,6.2,66.61,0.008,8.3,903
0,1397980800,62.3,1016.0,6.2,64.57,0.004,9.4,903
0,1397984400,60.9,1016.4,7.2,68.3,0.0,8.8,903
0,1397988000,58.8,1016.1,6.2,72.93,0.0,10.3,903
0,1399802400,74.5,1016.1,7.1,49.8,0.0,5.4,904
0,1399806000,76.7,1016.1,7.1,34.14,0.0,11.8,904
0,1399809600,73.5,1016.1,7.3,52.55,0.0,14.7,904
0,1399813200,71.3,1016.1,7.1,65.23,0.0,11.3,904
0,1399816800,69.7,1016.1,7.1,65.04,0.0,11.3,904
0,1399820400,69.7,1016.1,7.1,61.71,0.0,13.7,904
0,1401012000,64.6,1018.0,20.4,61.97,0.0,4.5,905
0,1401015600,66.1,1017.4,20.4,58.02,0.0,2.9,905
0,1401019200,67.3,1016.7,20.1,55.72,0.0,4.2,905
0,1401022800,68.0,1016.7,19.6,56.48,0.0,6.8,905
0,1401026400,68.1,1016.2,20.4,57.59,0.0,7.0,905
0,1401030000,68.3,1016.3,20.1,62.62,0.0,11.4,905
0,1402243200,78.7,1012.7,12.5,42.57,0.0,8.7,906
0,1402246800,79.5,1012.2,12.5,41.41,0.0,7.3,906
0,1402250400,81.2,1011.9,13.2,35.39,0.0,7.0,906
0,1402254000,80.7,1011.0,12.5,36.21,0.0,6.2,906
0,1402257600,82.0,1010.5,12.5,40.2,0.0,5.4,906
0,1402261200,80.7,1010.3,12.5,35.39,0.0,6.8,906
0,1403431200,71.6,1018.0,24.8,40.62,0.0,5.8,907
0,1403434800,75.2,1017.0,24.8,33.63,0.0,5.8,907
0,1403438400,77.0,1013.2,18.6,35.18,0.0,2.4,907
0,1403442000,78.8,1016.0,24.8,29.85,0.0,5.8,907
0,1403445600,78.8,1016.0,24.8,27.87,0.0,6.9,907
0,1403449200,80.2,1012.0,18.6,29.2,0.0,4.6,907
0,1404640800,62.2,1003.9,23.5,60.64,0.0,8.6,908
0,1404644400,63.2,1004.2,24.7,52.62,0.0,8.8,908
0,1404648000,64.6,1004.6,21.3,50.72,0.0,9.0,908
0,1404651600,64.9,1004.7,25.1,51.12,0.0,7.9,908
0,1404655200,66.7,1004.5,21.2,48.11,0.0,10.0,908
0,1404658800,66.2,1005.0,24.6,47.32,0.0,9.5,908
0,1405850400,79.1,1010.1,6.2,54.82,0.0,5.8,909
0,1405854000,77.3,1010.5,6.2,56.34,0.0,4.7,909
0,1405857600,77.1,1010.8,6.2,56.68,0.0,9.2,909
0,1405861200,74.6,1011.6,6.2,68.66,0.0,5.8,909
0,1405864800,74.0,1011.3,6.2,70.36,0.0,3.4,909
0,1405868400,75.8,1010.5,6.2,68.37,0.0,5.8,909
0,1406455200,79.3,1013.1,11.4,65.8,0.0,6.9,910
0,1406458800,75.2,1012.8,7.7,73.25,0.0,6.3,910
0,1406462400,74.4,1013.0,7.7,75.54,0.126,5.8,910
0,1406466000,74.9,1013.1,6.8,77.85,0.0,5.8,910
0,1406469600,79.0,1012.8,7.4,66.59,0.0,5.1,910
0,1406473200,77.7,1012.2,8.5,61.87,0.0,8.4,910
0,1408874400,54.7,1020.1,14.7,70.18,0.0,7.8,911
0,1408878000,55.7,1019.9,16.7,66.9,0.0,9.1,911
0,1408881600,56.0,1019.7,21.8,69.75,0.0,8.9,911
0,1408885200,58.2,1019.2,15.7,57.01,0.0,9.5,911
0,1408888800,58.1,1019.1,19.3,57.48,0.0,8.4,911
0,1408892400,58.1,1019.0,21.8,55.14,0.0,7.8,911
0,1410084000,73.0,1014.3,6.2,68.24,0.0,3.9,912
0,1410087600,73.4,1013.9,6.2,67.31,0.0,4.3,912
0,1410091200,75.0,1013.9,6.2,65.25,0.0,4.0,912
0,1410094800,76.9,1013.3,6.2,63.19,0.0,4.6,912
0,1410098400,78.0,1012.9,6.2,57.96,0.0,4.5,912
0,1410102000,77.1,1012.4,6.2,61.18,0.0,3.6,912
0,1411293600,87.6,1010.0,2.5,61.41,0.0,8.3,913
0,1411297200,85.8,1010.0,1.9,64.37,0.0,7.5,913
0,1411300800,85.2,1010.2,3.9,63.09,0.0,5.5,913
0,1411304400,84.0,1011.0,4.2,68.37,0.0,4.1,913
0,1411308000,84.0,1012.0,4.2,69.56,0.0,4.0,913
0,1411311600,83.9,1012.2,4.4,69.76,0.0,2.2,913
0,1412481600,66.4,1013.4,5.4,93.96,0.0,3.3,914
0,1412485200,66.6,1012.8,3.6,94.68,0.0,2.6,914
0,1412488800,67.1,1012.6,4.3,95.74,0.454,4.2,914
0,1412492400,67.1,1012.0,6.0,94.55,0.0,3.2,914
0,1412496000,66.7,1011.9,2.7,95.0,0.0,1.6,914
0,1412499600,66.6,1011.1,3.2,96.36,0.0,2.4,914
0,1413104400,71.7,1016.9,9.5,53.71,0.0,6.7,915
0,1413108000,69.8,1016.0,6.2,60.24,0.0,6.7,915
0,1413111600,71.6,1016.0,6.2,56.66,0.0,4.5,915
0,1413115200,70.8,1015.7,9.5,61.9,0.0,5.6,915
0,1413118800,69.8,1015.0,6.2,64.29,0.0,6.7,915
0,1413122400,68.0,1015.0,6.2,68.38,0.0,8.9,915
0,1414951200,71.6,1024.7,9.9,48.79,0.0,13.3,916
0,1414954800,73.6,1023.4,9.9,43.55,0.0,16.4,916
0,1414958400,73.8,1022.5,9.9,41.18,0.0,14.2,916
0,1414962000,75.0,1021.8,9.9,39.36,0.0,12.7,916
0,1414965600,74.9,1021.6,9.9,38.69,0.0,16.4,916
0,1414969200,73.1,1021.7,9.9,41.71,0.0,17.5,916
0,1415541600,75.2,1016.8,6.0,53.87,0.0,10.4,917
0,1415545200,75.2,1016.8,6.1,56.74,0.0,10.9,917
0,1415548800,76.7,1016.8,6.2,55.25,0.0,12.0,917
0,1415552400,75.2,1016.8,6.2,61.15,0.0,12.0,917
0,1415556000,75.1,1015.0,8.9,58.51,0.0,13.3,917
0,1415559600,72.3,1015.8,6.2,64.12,0.0,15.3,917
0,1416740400,83.9,1012.0,,55.84,0.0,14.3,918
0,1416744000,82.4,1012.1,6.2,45.72,0.0,9.0,918
0,1416747600,80.6,1012.0,,52.02,0.0,6.9,918
0,1416751200,78.8,1012.1,,73.98,0.0,6.8,918
0,1416754800,77.0,1012.9,6.2,79.26,0.0,4.5,918
0,1416758400,77.0,1013.0,3.8,83.45,0.0,5.6,918
0,1432461600,66.9,1015.8,22.1,60.25,0.0,6.3,931
0,1432465200,67.3,1015.7,15.0,61.98,0.0,7.3,931
0,1432468800,67.1,1015.6,14.3,63.51,0.0,8.6,931
0,1432472400,66.0,1015.6,14.5,65.9,0.0,9.9,931
0,1432476000,65.6,1015.7,17.2,62.65,0.0,6.4,931
0,1432479600,65.7,1015.2,22.1,59.65,0.0,4.9,931
0,1433692800,67.6,1019.2,12.5,36.42,0.0,5.3,932
0,1433696400,68.3,1018.6,12.5,30.91,0.0,6.6,932
0,1433700000,69.1,1017.5,13.2,29.34,0.0,4.1,932
0,1433703600,70.3,1016.7,12.5,29.65,0.0,4.4,932
0,1433707200,69.8,1016.0,12.5,26.35,0.0,4.3,932
0,1433710800,71.0,1015.1,12.5,32.36,0.0,4.2,932
0,1429448400,81.6,1010.4,6.2,31.25,0.0,21.3,929
0,1429452000,80.5,1010.4,6.2,34.84,0.0,19.7,929
0,1429455600,78.3,1011.1,6.7,38.63,0.0,15.9,929
0,1429459200,76.3,1010.7,6.2,40.55,0.0,13.5,929
0,1429462800,75.8,1011.4,6.2,39.43,0.0,11.1,929
0,1429466400,74.7,1012.0,6.7,39.96,0.0,10.6,929
0,1431252000,76.1,1025.0,7.6,50.01,0.0,3.3,930
0,1431255600,77.4,1024.1,6.9,50.52,0.0,6.8,930
0,1431259200,80.9,1023.2,7.0,43.19,0.0,9.9,930
0,1431262800,82.7,1023.0,7.3,43.21,0.0,10.0,930
0,1431266400,83.9,1022.1,6.5,37.54,0.0,13.2,930
0,1431270000,83.9,1022.0,7.6,37.33,0.0,12.3,930
0,1428811200,67.6,1018.1,6.2,43.33,0.0,11.2,928
0,1428814800,69.3,1017.1,6.2,42.09,0.0,9.3,928
0,1428818400,69.1,1017.4,9.4,39.25,0.0,9.8,928
0,1428822000,70.8,1016.1,6.2,37.52,0.0,6.5,928
0,1428825600,68.9,1016.1,6.2,39.87,0.0,5.3,928
0,1428829200,66.4,1016.4,8.1,44.37,0.0,7.1,928
0,1426388400,62.3,1017.5,6.2,47.75,0.0,13.0,926
0,1426392000,63.1,1017.2,6.2,54.81,0.0,9.4,926
0,1426395600,65.8,1016.3,6.2,51.36,0.0,14.2,926
0,1426399200,62.6,1016.6,6.2,57.34,0.0,19.4,926
0,1426402800,63.3,1016.8,6.2,63.22,0.0,10.7,926
0,1426406400,60.7,1017.0,6.2,67.39,0.0,14.4,926
0,1427605200,91.4,1010.0,6.2,59.25,0.0,9.2,927
0,1427608800,94.7,1009.7,6.2,50.63,0.0,6.9,927
0,1427612400,91.4,1008.0,6.2,55.78,0.0,3.4,927
0,1427616000,93.2,1006.0,6.2,59.5,0.0,6.9,927
0,1427619600,91.0,1007.0,6.2,63.22,0.0,9.2,927
0,1427623200,87.8,1007.0,6.2,66.39,0.0,6.9,927
0,1434880800,55.4,1019.0,24.8,54.32,0.0,1.1,933
0,1434884400,57.2,1019.0,24.8,50.93,0.0,1.1,933
0,1434888000,57.8,1017.7,18.6,49.44,0.0,2.3,933
0,1434891600,59.0,1018.0,24.8,47.73,0.0,6.9,933
0,1434895200,59.0,1018.0,24.8,44.49,0.0,3.4,933
0,1434898800,61.0,1016.5,18.6,46.64,0.0,6.7,933
0,1436090400,62.1,1016.9,18.4,68.11,0.0,4.3,934
0,1436094000,64.6,1016.1,19.0,62.59,0.0,5.2,934
0,1436097600,66.5,1015.8,18.5,56.19,0.0,7.5,934
0,1436101200,69.4,1015.4,19.9,53.13,0.0,10.2,934
0,1436104800,64.4,1015.7,16.4,62.47,0.0,12.0,934
0,1436108400,62.6,1015.9,18.4,67.88,0.0,9.2,934
0,1437904800,70.5,1014.2,43.5,46.21,0.0,13.5,936
0,1437908400,73.5,1014.1,43.5,41.4,0.0,12.8,936
0,1437912000,74.2,1014.1,43.5,38.07,0.0,11.9,936
0,1437915600,76.2,1013.1,43.5,34.61,0.0,8.8,936
0,1437919200,78.2,1012.1,43.5,30.31,0.0,10.0,936
0,1437922800,78.4,1011.9,43.5,30.08,0.0,11.3,936
0,1440324000,70.3,1006.1,7.8,43.37,0.0,18.0,937
0,1440327600,71.6,1005.4,7.8,39.23,0.0,19.2,937
0,1440331200,73.0,1004.7,7.8,40.88,0.0,16.6,937
0,1440334800,72.9,1004.3,7.8,42.59,0.0,15.2,937
0,1440338400,71.9,1004.0,8.6,46.03,0.0,12.5,937
0,1440342000,69.7,1003.8,8.6,50.74,0.0,12.1,937
0,1441533600,67.1,1018.1,,47.68,0.0,3.5,938
0,1441537200,68.1,1018.0,6.2,45.2,0.0,4.8,938
0,1441540800,70.1,1017.9,6.2,41.1,0.0,5.4,938
0,1441544400,71.3,1017.3,6.2,36.5,0.0,4.1,938
0,1441548000,72.4,1016.9,6.2,34.61,0.0,3.4,938
0,1441551600,72.3,1016.9,6.2,32.73,0.0,3.6,938
0,1442743200,88.8,1007.2,5.1,63.28,0.0,7.1,939
0,1442746800,87.1,1008.0,5.1,70.52,0.0,4.8,939
0,1442750400,86.4,1009.1,5.1,71.0,0.0,4.8,939
0,1442754000,85.2,1009.2,4.8,74.07,0.0,2.7,939
0,1442757600,85.0,1010.0,4.8,75.76,0.0,4.9,939
0,1442761200,83.5,1010.2,4.8,79.52,0.0,3.5,939
0,1443322800,78.3,1011.6,12.3,62.43,0.0,5.9,940
0,1443326400,80.8,1011.0,12.4,55.91,0.0,6.4,940
0,1443330000,82.5,1010.7,12.4,52.33,0.0,7.4,940
0,1443333600,81.1,1011.0,14.9,50.39,0.0,8.7,940
0,1443337200,80.2,1011.0,12.4,52.99,0.0,8.8,940
0,1443340800,77.8,1011.8,12.4,56.42,0.0,6.8,940
0,1444554000,66.1,1020.8,9.5,38.45,0.0,5.6,941
0,1444557600,64.4,1019.0,6.2,42.31,0.0,4.5,941
0,1444561200,64.4,1019.0,6.2,42.31,0.0,6.7,941
0,1444564800,64.4,1019.2,9.5,49.4,0.0,3.4,941
0,1444568400,64.4,1017.0,6.2,52.01,0.0,4.5,941
0,1444572000,62.6,1016.0,6.2,55.4,0.0,0.0,941
0,1445792400,60.1,1017.0,8.2,95.75,0.026,16.8,942
0,1445796000,60.1,1016.3,9.9,95.72,0.0,20.3,942
0,1445799600,63.9,1015.4,9.9,83.71,0.0,15.9,942
0,1445803200,63.9,1015.2,9.9,80.4,0.0,19.2,942
0,1445806800,63.0,1015.3,9.9,83.45,0.0,15.1,942
0,1445810400,64.0,1015.5,9.9,77.79,0.0,15.7,942
0,1446397200,64.3,1016.0,3.7,77.46,0.0,2.2,943
0,1446400800,69.9,1010.8,6.8,52.74,0.0,4.3,943
0,1446404400,69.1,1027.1,4.7,53.07,0.0,3.2,943
0,1446408000,73.1,1026.1,5.7,44.0,0.0,3.2,943
0,1446411600,75.2,1006.2,6.1,37.52,0.0,5.6,943
0,1446415200,73.5,1022.7,8.1,35.79,0.0,12.6,943
0,1447596000,78.8,1016.8,6.2,61.6,0.0,3.4,944
0,1447599600,80.6,1015.0,8.9,56.68,0.0,5.6,944
0,1447603200,83.8,1015.8,6.2,49.24,0.0,5.1,944
0,1447606800,78.4,1014.8,6.2,65.04,0.0,11.2,944
0,1447610400,73.1,1012.0,9.1,78.1,0.0,12.5,944
0,1447614000,72.7,1014.8,6.2,75.71,0.0,12.6,944
0,1448794800,80.9,1015.0,6.2,56.77,0.0,15.6,945
0,1448798400,80.7,1014.9,6.2,54.11,0.0,14.8,945
0,1448802000,80.6,1015.0,6.2,53.27,0.0,13.5,945
0,1448805600,78.8,1015.1,6.2,57.09,0.0,10.3,945
0,1448809200,78.5,1016.1,6.2,57.59,0.0,6.2,945
0,1448812800,77.0,1017.0,6.2,59.42,0.0,4.1,945
0,1458442800,69.1,1019.6,6.2,41.4,0.0,4.7,948
0,1458446400,70.9,1019.0,6.2,39.64,0.0,5.9,948
0,1458450000,72.2,1018.5,6.2,40.61,0.0,7.1,948
0,1458453600,72.2,1018.1,6.2,41.37,0.0,7.1,948
0,1458457200,71.2,1018.1,6.2,43.23,0.0,9.4,948
0,1458460800,68.2,1018.5,6.2,50.88,0.0,8.4,948
0,1459688400,77.6,1015.7,6.2,15.67,0.0,8.7,949
0,1459692000,77.0,1015.0,6.2,20.77,0.0,11.4,949
0,1459695600,72.3,1016.2,7.6,38.64,0.0,7.2,949
0,1459699200,71.1,1015.9,7.4,44.79,0.0,5.4,949
0,1459702800,69.4,1015.9,7.4,52.84,0.0,5.4,949
0,1459706400,69.0,1016.7,6.7,55.84,0.0,6.5,949
0,1460865600,70.4,1016.0,6.2,34.83,0.0,8.9,950
0,1460869200,71.3,1015.1,6.2,36.21,0.0,11.0,950
0,1460872800,70.5,1014.7,8.1,37.5,0.0,8.6,950
0,1460876400,71.1,1013.1,6.2,34.99,0.0,9.4,950
0,1460880000,69.3,1014.1,6.2,39.55,0.0,10.3,950
0,1460883600,67.2,1015.2,7.1,46.63,0.0,9.2,950
0,1462096800,60.8,1019.0,6.2,72.22,0.0,8.9,951
0,1462100400,60.8,1019.0,6.2,72.22,0.0,8.9,951
0,1462104000,62.0,1019.5,6.3,64.79,0.0,6.7,951
0,1462107600,62.6,1019.0,6.2,59.28,0.0,8.9,951
0,1462111200,60.8,1019.0,6.2,72.22,0.0,6.7,951
0,1462114800,59.3,1019.4,6.2,79.04,0.0,4.5,951
0,1463306400,71.4,1017.9,7.1,55.53,0.0,6.0,952
0,1463310000,73.0,1017.1,7.1,47.81,0.0,2.4,952
0,1463313600,72.9,1017.1,8.4,53.9,0.0,12.6,952
0,1463317200,72.6,1017.1,7.1,54.99,0.0,11.4,952
0,1463320800,69.5,1017.1,7.1,68.44,0.0,14.0,952
0,1463324400,67.7,1017.0,8.3,73.1,0.0,10.1,952
0,1464516000,62.2,1008.9,7.3,87.49,0.031,4.1,953
0,1464519600,62.5,1008.9,5.7,86.95,0.012,8.0,953
0,1464523200,63.1,1008.8,7.5,88.0,0.132,10.7,953
0,1464526800,64.7,1008.3,14.1,81.82,0.0,10.7,953
0,1464530400,65.7,1008.0,12.9,84.12,0.0,13.4,953
0,1464534000,67.5,1007.4,14.0,79.59,0.0,8.2,953
0,1465747200,51.5,1003.9,9.8,61.02,0.0,6.4,954
0,1465750800,53.3,1004.1,9.8,59.33,0.0,4.4,954
0,1465754400,53.3,1004.5,10.8,57.92,0.0,8.7,954
0,1465758000,53.1,1005.3,9.8,58.4,0.0,10.8,954
0,1465761600,52.8,1005.7,9.8,60.65,0.0,5.7,954
0,1465765200,51.3,1006.4,10.8,62.71,0.0,9.7,954
0,1466334000,91.4,1015.0,6.2,36.12,0.0,11.4,955
0,1466337600,89.4,1016.8,11.1,40.39,0.0,13.0,955
0,1466341200,89.6,1015.0,6.2,38.21,0.0,12.8,955
0,1466344800,84.2,1015.0,6.2,48.35,0.0,11.4,955
0,1466348400,83.5,1016.3,11.1,51.23,0.0,12.6,955
0,1466352000,77.0,1015.0,6.2,65.15,0.0,9.2,955
0,1467540000,56.9,1022.2,,72.05,0.0,2.3,956
0,1467543600,57.8,1022.0,,71.16,0.0,2.3,956
0,1467547200,59.9,1021.3,,68.9,0.0,2.3,956
0,1467550800,60.4,1021.1,,67.68,0.0,2.3,956
0,1467554400,60.5,1020.9,,65.52,0.0,2.3,956
0,1467558000,61.9,1020.3,3.1,63.09,0.0,2.3,956
0,1468144800,65.0,1007.1,20.9,86.48,0.0,12.2,957
0,1468148400,65.5,1006.9,13.9,82.05,0.0,12.1,957
0,1468152000,66.8,1006.5,18.7,74.51,0.025,13.2,957
0,1468155600,69.6,1006.0,19.1,65.05,0.0,14.1,957
0,1468159200,69.5,1005.8,18.1,62.91,0.0,14.1,957
0,1468162800,68.8,1005.6,19.2,61.71,0.0,14.2,957
0,1469354400,81.6,1017.1,21.7,56.4,0.0,6.2,958
0,1469358000,83.1,1017.0,21.7,53.31,0.0,6.1,958
0,1469361600,83.9,1017.0,24.9,51.3,0.0,4.4,958
0,1469365200,85.5,1016.8,24.9,47.09,0.0,5.0,958
0,1469368800,86.0,1016.7,24.9,49.34,0.0,5.0,958
0,1469372400,85.7,1015.9,24.9,48.1,0.0,3.4,958
0,1469959200,72.4,1012.8,17.6,62.84,0.0,7.4,959
0,1469962800,74.7,1012.8,14.5,49.66,0.0,7.6,959
0,1469966400,74.9,1012.9,6.2,46.74,0.0,8.7,959
0,1469970000,76.1,1012.9,13.7,44.35,0.0,9.2,959
0,1469973600,75.4,1013.0,6.2,44.81,0.0,9.1,959
0,1469977200,74.0,1013.2,6.2,50.55,0.0,8.9,959
0,1472378400,79.9,1013.4,9.4,51.02,0.0,11.8,960
0,1472382000,77.7,1013.7,9.4,53.57,0.0,11.4,960
0,1472385600,76.7,1014.3,7.8,57.01,0.0,12.2,960
0,1472389200,76.7,1014.3,7.8,53.65,0.0,11.5,960
0,1472392800,75.6,1014.0,8.2,57.89,0.0,12.8,960
0,1472396400,73.7,1014.7,9.0,53.97,0.0,13.4,960
0,1472983200,78.6,1017.3,6.0,55.62,0.0,2.8,961
0,1472986800,80.3,1016.9,5.6,52.86,0.0,3.5,961
0,1472990400,82.2,1016.2,5.0,51.19,0.0,4.2,961
0,1472994000,81.8,1015.4,5.8,51.48,0.0,4.1,961
0,1472997600,82.1,1015.1,6.1,51.09,0.0,4.1,961
0,1473001200,82.0,1014.1,6.2,52.99,0.0,4.9,961
0,1474192800,90.8,1006.2,6.2,58.61,0.0,8.0,962
0,1474196400,88.6,1007.2,6.2,65.47,0.0,6.2,962
0,1474200000,86.9,1008.1,6.7,67.03,0.0,4.3,962
0,1474203600,86.3,1008.2,6.2,69.29,0.0,3.1,962
0,1474207200,85.3,1009.0,6.2,70.46,0.0,2.4,962
0,1474210800,85.1,1009.2,6.5,71.8,0.0,0.9,962
0,1475384400,91.4,1010.0,6.2,55.79,0.0,9.2,963
0,1475388000,91.5,1009.1,6.2,55.61,0.0,9.2,963
0,1475391600,93.2,1008.0,6.2,52.76,0.0,10.3,963
0,1475395200,93.2,1007.0,6.2,52.78,0.0,9.2,963
0,1475398800,91.4,1007.3,6.8,58.65,0.0,9.2,963
0,1475402400,89.6,1007.0,6.2,59.06,0.0,10.3,963
0,1475982000,69.7,1010.8,12.4,67.95,0.0,9.0,964
0,1475985600,70.5,1010.7,12.4,62.4,0.0,10.4,964
0,1475989200,70.1,1011.3,12.4,58.35,0.0,10.7,964
0,1475992800,70.5,1011.5,12.4,54.76,0.001,9.6,964
0,1475996400,70.1,1011.7,12.4,56.02,0.0,9.9,964
0,1476000000,69.2,1012.4,12.4,56.42,0.0,9.9,964
0,1477242000,76.6,1022.1,9.9,54.8,0.0,13.1,965
0,1477245600,81.1,1021.1,9.9,44.52,0.0,12.4,965
0,1477249200,82.1,1020.2,9.9,41.5,0.0,12.1,965
0,1477252800,81.3,1019.7,9.9,41.38,0.0,7.0,965
0,1477256400,83.1,1019.5,9.9,36.16,0.0,12.1,965
0,1477260000,84.1,1019.3,9.9,36.27,0.0,13.1,965
0,1477846800,59.1,1031.8,3.1,58.81,0.0,0.0,966
0,1477850400,64.3,1017.5,2.3,65.16,0.0,4.5,966
0,1477854000,69.9,1029.5,6.2,40.33,0.0,10.3,966
0,1477857600,71.5,1016.0,11.2,33.02,0.0,9.2,966
0,1477861200,70.8,1012.1,3.3,57.15,0.0,3.0,966
0,1477864800,66.3,1027.4,6.8,39.76,0.0,11.4,966
0,1479045600,64.8,1018.0,5.1,88.73,0.0,7.9,967
0,1479049200,64.8,1015.7,5.5,89.02,0.0,8.4,967
0,1479052800,64.8,1016.8,4.7,88.42,0.0,8.6,967
0,1479056400,64.7,1015.9,4.6,93.24,0.0,7.7,967
0,1479060000,65.7,1013.3,4.9,89.19,0.0,7.9,967
0,1479063600,64.8,1014.8,4.7,88.73,0.0,9.2,967
0,1480244400,82.4,1015.0,6.2,45.03,0.0,11.2,968
0,1480248000,80.6,1014.1,6.2,50.39,0.0,11.1,968
0,1480251600,80.6,1015.0,6.2,51.0,0.0,10.9,968
0,1480255200,78.8,1015.0,6.2,58.77,0.0,10.9,968
0,1480258800,77.1,1015.9,6.2,62.62,0.0,8.8,968
0,1480262400,77.0,1016.1,6.2,62.36,0.0,6.9,968
0,1490497200,73.8,1013.3,6.2,65.47,0.0,6.9,969
0,1490500800,75.2,1012.4,6.2,65.64,0.0,7.0,969
0,1490504400,76.6,1011.5,6.2,64.58,0.0,7.0,969
0,1490508000,74.6,1011.5,6.2,68.96,0.0,8.1,969
0,1490511600,74.8,1011.4,6.2,70.75,0.0,6.9,969
0,1490515200,72.4,1011.6,6.2,78.19,0.0,5.0,969
0,1491710400,53.7,1013.0,2.0,93.3,0.0,12.6,970
0,1491714000,55.2,1012.0,2.5,90.81,0.0,11.4,970
0,1491717600,54.9,1011.5,2.6,90.11,0.031,12.7,970
0,1491721200,55.2,1011.0,3.0,88.2,0.0,11.8,970
0,1491724800,55.2,1011.0,3.9,82.78,0.0,12.6,970
0,1491728400,53.6,1011.4,5.5,84.18,0.0,12.8,970
0,1492347600,82.3,1007.7,6.2,48.81,0.0,24.2,971
0,1492351200,79.9,1008.4,6.2,55.08,0.0,22.7,971
0,1492354800,78.1,1008.7,6.2,58.43,0.0,22.0,971
0,1492358400,77.6,1009.7,6.2,60.67,0.0,18.9,971
0,1492362000,77.0,1009.7,6.2,61.79,0.0,20.9,971
0,1492365600,77.0,1010.4,6.2,61.79,0.0,19.5,971
0,1493546400,75.2,1014.0,6.2,41.17,0.0,6.7,972
0,1493550000,75.2,1014.0,6.2,38.49,0.0,6.7,972
0,1493553600,74.8,1013.4,9.4,39.96,0.0,8.9,972
0,1493557200,77.0,1013.0,6.2,36.26,0.0,4.5,972
0,1493560800,75.2,1012.0,6.2,41.17,0.0,6.7,972
0,1493564400,71.4,1012.3,9.4,44.14,0.0,6.7,972
0,1494756000,75.2,1023.9,7.2,45.58,0.0,10.2,973
0,1494759600,75.0,1023.9,7.2,45.05,0.0,12.3,973
0,1494763200,73.7,1023.9,9.0,47.17,0.0,10.5,973
0,1494766800,75.1,1024.0,7.2,44.39,0.0,10.4,973
0,1494770400,74.8,1023.1,7.2,44.95,0.0,9.5,973
0,1494774000,74.0,1023.1,8.5,47.61,0.0,10.1,973
0,1495965600,75.3,1021.7,19.2,60.02,0.0,4.6,974
0,1495969200,75.5,1021.7,19.0,61.88,0.0,6.9,974
0,1495972800,74.7,1021.4,18.7,63.13,0.0,6.6,974
0,1495976400,75.9,1021.0,18.7,54.93,0.0,7.0,974
0,1495980000,76.8,1020.6,19.2,51.41,0.0,6.0,974
0,1495983600,77.8,1020.2,19.7,34.34,0.0,4.1,974
0,1497196800,83.0,1006.8,12.5,43.58,0.0,9.5,975
0,1497200400,82.5,1007.7,12.5,45.7,0.0,7.8,975
0,1497204000,82.2,1007.9,13.2,48.26,0.0,8.3,975
0,1497207600,84.2,1008.1,12.5,45.96,0.0,9.6,975
0,1497211200,84.1,1008.3,12.5,45.95,0.0,8.5,975
0,1497214800,84.0,1008.7,13.2,46.12,0.0,9.6,975
0,1498388400,84.2,1010.0,6.2,65.98,0.0,8.1,976
0,1498392000,84.5,1010.3,7.0,49.06,0.0,9.6,976
0,1498395600,84.2,1011.0,6.2,54.83,0.0,12.8,976
0,1498399200,80.6,1011.0,6.2,57.87,0.0,13.9,976
0,1498402800,76.2,1012.0,7.0,72.73,0.0,11.7,976
0,1498406400,73.4,1012.0,6.2,83.22,0.0,15.0,976
0,1499594400,81.5,1012.7,,45.83,0.0,4.5,977
0,1499598000,83.5,1012.0,,39.87,0.0,4.5,977
0,1499601600,80.8,1012.2,18.6,41.33,0.0,11.1,977
0,1499605200,83.0,1011.5,,42.37,0.0,6.7,977
0,1499608800,83.4,1010.7,,38.81,0.0,4.5,977
0,1499612400,81.6,1010.8,18.6,43.92,0.0,8.9,977
0,1500199200,69.1,1022.4,22.4,78.08,0.0,10.4,978
0,1500202800,69.9,1022.4,19.8,76.52,0.0,10.3,978
0,1500206400,70.9,1022.4,18.1,76.19,0.0,9.6,978
0,1500210000,71.1,1022.5,26.6,74.35,0.0,9.0,978
0,1500213600,71.6,1022.5,26.1,73.96,0.0,7.8,978
0,1500217200,71.5,1022.6,26.5,71.36,0.0,9.2,978
0,1501408800,84.0,1017.0,37.3,42.26,0.0,7.4,979
0,1501412400,84.9,1016.7,37.3,39.69,0.0,8.5,979
0,1501416000,86.9,1016.0,34.2,36.33,0.0,7.5,979
0,1501419600,87.3,1015.8,34.2,36.2,0.0,7.1,979
0,1501423200,87.5,1015.1,34.2,33.44,0.0,7.0,979
0,1501426800,88.0,1014.9,31.1,34.28,0.0,7.5,979
0,1503828000,68.3,1019.0,6.1,69.2,0.0,2.2,980
0,1503831600,69.2,1018.9,6.4,68.72,0.0,3.2,980
0,1503835200,69.4,1018.2,6.6,70.65,0.0,2.9,980
0,1503838800,70.2,1018.1,6.6,69.24,0.0,4.2,980
0,1503842400,71.7,1018.0,6.6,64.06,0.0,2.5,980
0,1503846000,68.6,1018.3,6.6,70.34,0.0,5.3,980
0,1504432800,68.3,1011.9,,39.59,0.0,4.6,981
0,1504436400,71.4,1011.3,,34.32,0.0,4.6,981
0,1504440000,72.7,1011.2,24.9,33.41,0.0,3.7,981
0,1504443600,73.5,1011.0,6.2,28.28,0.0,4.0,981
0,1504447200,74.9,1010.8,6.2,27.96,0.0,4.2,981
0,1504450800,74.8,1010.3,6.2,27.04,0.0,4.3,981
0,1505642400,82.9,1009.8,6.2,83.93,0.0,10.4,982
0,1505646000,83.8,1010.2,5.6,78.91,0.0,10.0,982
0,1505649600,81.8,1011.2,5.5,85.77,0.07,4.5,982
0,1505653200,82.3,1012.2,6.2,84.0,0.0,7.4,982
0,1505656800,82.3,1013.0,5.9,79.74,0.0,7.4,982
0,1505660400,81.7,1014.1,6.0,83.96,0.0,2.0,982
0,1506834000,82.4,1010.0,5.0,78.85,0.0,5.8,983
0,1506837600,86.1,1009.3,6.2,78.12,0.0,4.7,983
0,1506841200,89.6,1008.0,6.2,66.59,0.0,6.9,983
0,1506844800,87.8,1007.0,6.2,70.48,0.0,6.9,983
0,1506848400,87.5,1007.5,6.2,67.2,0.0,3.4,983
0,1506852000,86.0,1007.0,6.2,74.62,0.0,2.2,983
0,1507431600,77.0,1022.7,12.4,67.0,0.0,3.5,984
0,1507435200,77.6,1021.7,12.4,60.31,0.0,3.4,984
0,1507438800,78.9,1021.1,12.4,60.72,0.0,3.3,984
0,1507442400,78.2,1021.0,14.9,59.62,0.0,3.9,984
0,1507446000,76.7,1020.8,12.4,66.17,0.0,4.1,984
0,1507449600,74.2,1021.4,12.4,74.52,0.0,3.6,984
0,1508691600,70.9,1020.7,9.9,73.16,0.0,14.5,985
0,1508695200,73.1,1020.3,9.9,63.71,0.0,12.1,985
0,1508698800,75.0,1019.5,9.9,57.2,0.0,12.4,985
0,1508702400,77.1,1019.1,9.9,49.55,0.0,13.6,985
0,1508706000,77.2,1018.9,9.9,43.14,0.0,12.5,985
0,1508709600,77.1,1018.7,9.8,41.37,0.0,14.3,985
0,1509296400,62.7,1028.8,3.1,59.29,0.0,5.8,986
0,1509300000,68.6,1011.4,1.5,64.4,0.0,4.4,986
0,1509303600,69.5,1014.0,,42.83,0.0,4.5,986
0,1509307200,70.6,1025.4,6.4,40.84,0.0,0.8,986
0,1509310800,74.3,1006.8,2.3,42.48,0.0,4.6,986
0,1509314400,73.3,1011.0,6.8,29.04,0.0,3.4,986
0,1510495200,77.0,1011.8,6.2,33.01,0.0,8.4,987
0,1510498800,78.8,1010.0,8.9,36.14,0.0,7.1,987
0,1510502400,80.3,1010.8,6.2,29.85,0.0,6.7,987
0,1510506000,80.7,1009.8,6.2,28.56,0.0,12.5,987
0,1510509600,82.1,1009.0,8.9,21.09,0.0,11.9,987
0,1510513200,82.4,1009.8,6.2,24.66,0.0,10.4,987
0,1511694000,78.8,1018.0,6.2,50.7,0.0,12.9,988
0,1511697600,77.1,1018.1,6.2,52.23,0.0,12.4,988
0,1511701200,77.0,1018.0,6.2,50.96,0.0,12.4,988
0,1511704800,75.5,1018.1,6.2,53.6,0.0,5.8,988
0,1511708400,75.2,1019.0,6.2,56.68,0.0,3.9,988
0,1511712000,75.2,1019.0,6.2,56.59,0.0,8.0,988
0,1521950400,74.1,999.3,6.2,41.9,0.0,7.5,989
0,1521954000,76.4,998.2,6.2,38.41,0.0,7.6,989
0,1521957600,75.8,997.9,6.2,29.94,0.0,11.8,989
0,1521961200,74.0,998.3,6.2,32.75,0.0,13.5,989
0,1521964800,71.6,998.5,,33.62,0.0,14.3,989
0,1523196000,79.9,1009.4,3.5,59.51,0.0,10.3,990
0,1523199600,79.1,1009.7,3.5,62.39,0.0,8.7,990
0,1523203200,78.8,1010.4,3.7,65.69,0.0,8.3,990
0,1523206800,78.8,1010.4,4.1,62.9,0.0,6.8,990
0,1523210400,78.2,1010.8,4.1,61.55,0.0,4.5,990
0,1523768400,67.8,1019.0,6.2,28.5,0.0,13.5,991
0,1523772000,67.6,1018.5,8.3,28.3,0.0,7.3,991
0,1523775600,66.1,1018.0,6.2,30.43,0.0,13.4,991
0,1523779200,67.7,1018.0,6.2,27.68,0.0,7.2,991
0,1523782800,65.7,1018.3,8.6,30.93,0.0,7.9,991
0,1524999600,60.8,1020.0,6.2,59.04,0.0,27.7,992
0,1525003200,59.1,1020.3,6.4,62.88,0.0,31.6,992
0,1525006800,59.0,1020.0,6.2,58.79,0.0,30.0,992
0,1525010400,59.0,1020.0,6.2,58.79,0.0,25.3,992
0,1525014000,56.9,1020.2,7.0,66.96,0.0,20.9,992
0,1526212800,60.4,1015.3,8.0,54.9,0.011,8.3,993
0,1526216400,60.0,1015.2,7.2,55.52,0.0,9.2,993
0,1526220000,61.8,1015.1,7.2,51.23,0.0,10.7,993
0,1526223600,57.9,1015.0,8.2,73.48,0.001,10.0,993
0,1526227200,56.6,1015.9,7.2,65.9,0.0,9.1,993
0,1527422400,75.4,1016.8,11.6,67.73,0.0,11.6,994
0,1527426000,74.2,1016.6,11.1,69.11,0.0,9.4,994
0,1527429600,74.8,1016.0,10.4,63.99,0.0,5.9,994
0,1527433200,75.3,1015.8,10.6,63.3,0.0,5.9,994
0,1527436800,74.5,1015.0,10.9,62.45,0.0,11.1,994
0,1528650000,62.8,1020.0,12.5,35.79,0.0,4.9,995
0,1528653600,66.5,1019.4,13.2,32.81,0.0,4.7,995
0,1528657200,65.6,1018.9,12.5,31.79,0.0,3.6,995
0,1528660800,65.7,1018.4,12.5,32.65,0.0,3.4,995
0,1528664400,66.1,1018.2,13.2,32.2,0.0,3.4,995
0,1529845200,79.4,1015.7,18.1,54.5,0.0,7.9,996
0,1529848800,79.9,1015.2,18.4,52.43,0.0,7.9,996
0,1529852400,80.1,1014.9,20.8,52.96,0.0,7.7,996
0,1529856000,78.8,1014.9,23.0,49.91,0.0,10.6,996
0,1529859600,76.5,1014.9,14.4,58.11,0.0,13.3,996
0,1530446400,64.9,1011.9,18.6,49.49,0.0,8.6,997
0,1530450000,65.8,1011.5,,51.02,0.0,8.0,997
0,1530453600,65.8,1011.1,,51.22,0.0,9.5,997
0,1530457200,66.3,1010.9,,52.7,0.0,7.7,997
0,1530460800,65.1,1011.4,,54.39,0.0,9.8,997
0,1531051200,80.6,1025.9,22.3,41.14,0.0,8.6,998
0,1531054800,83.3,1025.5,21.1,38.02,0.0,8.1,998
0,1531058400,83.6,1025.4,20.5,36.57,0.0,8.3,998
0,1531062000,84.3,1025.3,23.5,35.29,0.0,9.5,998
0,1531065600,83.5,1025.1,24.1,35.6,0.0,9.9,998
0,1532260800,76.5,1013.7,9.3,58.96,0.0,6.7,999
0,1532264400,77.9,1013.2,9.6,56.11,0.0,6.5,999
0,1532268000,78.8,1013.1,7.9,52.73,0.01,7.6,999
0,1532271600,72.0,1013.8,3.3,73.52,0.122,5.8,999
0,1532275200,66.6,1014.0,5.1,90.18,0.912,6.0,999
0,1532865600,88.5,1011.7,13.5,43.2,0.0,5.0,1000
0,1532869200,90.0,1011.0,14.9,41.74,0.0,5.0,1000
0,1532872800,91.5,1010.7,14.9,36.46,0.0,6.0,1000
0,1532876400,91.9,1010.1,16.3,34.62,0.0,5.2,1000
0,1532880000,91.0,1010.6,16.3,35.85,0.0,7.3,1000
0,1535284800,60.5,1016.2,12.4,46.57,0.0,6.1,1001
0,1535288400,60.8,1015.7,12.4,46.64,0.0,5.8,1001
0,1535292000,60.9,1015.1,12.4,40.56,0.0,5.9,1001
0,1535295600,60.2,1015.1,12.4,41.09,0.0,6.6,1001
0,1535299200,59.4,1014.6,12.4,42.58,0.0,4.3,1001
0,1535889600,66.8,1017.1,5.4,77.36,0.054,5.3,1002
0,1535893200,67.8,1016.9,5.7,71.34,0.0,5.5,1002
0,1535896800,67.7,1016.7,6.2,69.85,0.0,9.2,1002
0,1535900400,67.3,1016.3,6.2,74.03,0.0,6.3,1002
0,1535904000,66.7,1016.1,6.2,71.24,0.0,6.2,1002
0,1537095600,85.2,1007.0,6.2,63.45,0.0,7.4,1003
0,1537099200,84.1,1007.5,6.2,65.29,0.009,6.3,1003
0,1537102800,84.1,1008.0,6.2,65.64,0.0,6.8,1003
0,1537106400,84.1,1008.4,6.2,69.27,0.0,6.1,1003
0,1537110000,83.4,1009.1,6.3,70.79,0.0,5.6,1003
0,1538301600,71.6,1017.0,6.2,73.29,0.0,6.7,1004
0,1538305200,75.2,1017.0,6.2,60.93,0.0,4.5,1004
0,1538308800,74.9,1017.5,9.4,70.24,0.0,10.0,1004
0,1538312400,73.4,1017.0,6.2,73.46,0.0,4.5,1004
0,1538316000,73.4,1017.0,6.2,73.46,0.0,2.2,1004
0,1538884800,81.4,1011.9,12.4,55.14,0.0,8.5,1005
0,1538888400,80.2,1011.5,12.4,55.11,0.0,9.5,1005
0,1538892000,79.1,1011.6,14.9,57.96,0.0,8.8,1005
0,1538895600,77.8,1011.5,12.4,59.85,0.0,8.5,1005
0,1538899200,76.1,1011.7,12.4,60.69,0.0,7.4,1005
0,1540141200,66.9,1026.2,9.9,49.96,0.0,8.1,1006
0,1540144800,70.8,1024.9,9.9,38.19,0.0,12.3,1006
0,1540148400,73.7,1023.8,9.9,37.22,0.0,13.1,1006
0,1540152000,73.1,1023.0,9.9,36.52,0.0,12.3,1006
0,1540155600,73.0,1022.1,9.9,38.1,0.0,11.0,1006
0,1540749600,62.9,1016.9,2.7,71.89,0.0,6.7,1007
0,1540753200,68.6,1019.0,,47.59,0.0,5.4,1007
0,1540756800,69.7,1017.0,,44.34,0.0,6.5,1007
0,1540760400,68.4,1012.7,2.9,63.63,0.0,4.5,1007
0,1540764000,78.7,1016.0,6.2,54.07,0.0,3.4,1007
0,1541952000,79.7,1014.8,6.2,61.57,0.0,11.8,1008
0,1541955600,77.5,1014.7,6.2,67.25,0.0,14.2,1008
0,1541959200,74.5,1013.0,8.9,74.05,0.0,14.3,1008
0,1541962800,70.8,1014.7,6.2,80.74,0.0,11.9,1008
0,1541966400,70.5,1014.8,6.2,81.58,0.0,12.2,1008
0,1543147200,92.5,1012.5,5.0,33.6,0.0,12.8,1009
0,1543150800,91.1,1012.1,5.1,36.83,0.0,10.4,1009
0,1543154400,89.3,1013.0,5.0,37.29,0.004,6.7,1009
0,1543158000,78.1,1014.4,2.7,75.08,0.016,20.0,1009
0,1543161600,75.2,1015.1,3.4,78.38,0.0,22.0,1009
0,1552795200,76.7,1016.4,6.2,60.14,0.0,7.3,1010
0,1552798800,76.7,1016.0,6.2,62.89,0.0,6.3,1010
0,1552802400,72.7,1015.9,6.2,70.42,0.0,9.3,1010
0,1552806000,73.2,1015.8,6.2,66.51,0.0,6.2,1010
0,1552809600,70.5,1015.8,6.2,79.64,0.0,6.1,1010
0,1554040800,76.3,1005.1,6.0,64.14,0.0,22.8,1011
0,1554044400,76.5,1004.7,6.7,63.45,0.0,21.3,1011
0,1554048000,77.6,1003.4,5.6,57.76,0.0,19.4,1011
0,1554051600,77.6,1003.7,5.0,58.9,0.0,22.1,1011
0,1554055200,78.3,1004.7,4.8,57.21,0.0,18.9,1011
0,1555218000,66.0,1019.0,6.1,56.41,0.0,18.0,1012
0,1555221600,66.0,1019.3,6.9,48.18,0.0,14.3,1012
0,1555225200,65.9,1019.0,6.1,47.38,0.0,16.1,1012
0,1555228800,64.1,1019.1,6.0,57.05,0.0,13.7,1012
0,1555232400,62.3,1019.7,5.0,60.29,0.0,14.3,1012
0,1556449200,68.0,1010.0,6.2,45.91,0.0,20.8,1013
0,1556452800,64.8,1010.4,7.0,49.86,0.0,19.5,1013
0,1556456400,66.2,1010.0,6.2,48.86,0.0,18.3,1013
0,1556460000,64.4,1010.0,6.2,52.01,0.0,15.0,1013
0,1556463600,62.3,1010.4,7.0,54.45,0.0,15.7,1013
0,1557662400,69.6,1021.2,8.4,51.71,0.0,12.7,1014
0,1557666000,69.4,1021.1,7.2,48.75,0.0,10.8,1014
0,1557669600,69.1,1020.1,7.1,49.7,0.0,10.0,1014
0,1557673200,68.0,1020.0,8.1,55.87,0.0,13.4,1014
0,1557676800,68.1,1020.0,7.2,54.17,0.0,10.0,1014
0,1558872000,69.5,1012.5,13.1,66.58,0.0,5.1,1015
0,1558875600,68.7,1012.0,13.8,68.89,0.0,6.7,1015
0,1558879200,69.4,1011.6,14.3,67.79,0.0,6.8,1015
0,1558882800,68.5,1011.5,14.3,70.73,0.0,8.6,1015
0,1558886400,69.7,1010.7,13.8,65.32,0.0,8.2,1015
0,1560099600,81.7,1024.2,12.5,19.85,0.0,5.2,1016
0,1560103200,82.2,1023.6,13.2,17.21,0.0,6.2,1016
0,1560106800,83.2,1023.3,12.5,17.1,0.0,5.1,1016
0,1560110400,84.0,1022.7,12.5,14.79,0.0,3.7,1016
0,1560114000,85.3,1022.2,13.2,15.5,0.0,2.8,1016
0,1561291200,82.4,1014.7,17.5,46.78,0.0,13.3,1017
0,1561294800,84.2,1014.5,22.9,40.08,0.0,10.5,1017
0,1561298400,83.2,1014.3,18.4,47.77,0.0,10.6,1017
0,1561302000,82.3,1014.4,21.3,48.82,0.0,12.6,1017
0,1561305600,79.9,1014.4,18.8,57.11,0.0,13.3,1017
0,1561896000,89.2,1015.0,24.9,31.97,0.0,6.8,1018
0,1561899600,91.6,1014.4,,23.04,0.0,6.8,1018
0,1561903200,91.9,1013.9,,20.57,0.0,9.0,1018
0,1561906800,92.5,1013.5,24.9,20.05,0.0,9.0,1018
0,1561910400,91.6,1013.3,,21.0,0.0,8.9,1018
0,1563105600,64.3,1024.2,24.5,71.87,0.0,6.8,1019
0,1563109200,65.1,1024.1,25.3,68.96,0.0,6.6,1019
0,1563112800,65.9,1023.8,28.6,67.04,0.0,6.8,1019
0,1563116400,67.2,1023.7,26.6,63.06,0.0,8.1,1019
0,1563120000,66.0,1023.6,24.0,65.4,0.0,8.0,1019
0,1564315200,69.8,1001.6,8.4,87.18,0.01,7.5,1020
0,1564318800,68.7,1002.1,4.9,91.46,0.098,7.2,1020
0,1564322400,69.5,1002.8,8.8,89.67,0.073,8.9,1020
0,1564326000,70.2,1003.3,11.8,88.03,0.015,9.4,1020
0,1564329600,69.4,1004.0,9.6,85.3,0.005,8.9,1020
0,1564920000,75.7,1014.2,6.2,42.03,0.0,5.6,1021
0,1564923600,77.7,1014.1,6.2,39.36,0.0,4.6,1021
0,1564927200,77.4,1013.9,6.2,38.79,0.0,5.1,1021
0,1564930800,77.5,1013.8,6.2,39.6,0.0,6.7,1021
0,1564934400,77.6,1013.8,6.2,37.84,0.0,7.7,1021
0,1567339200,56.7,1017.0,,83.15,0.0,5.2,1022
0,1567342800,59.0,1016.8,,72.65,0.0,7.1,1022
0,1567346400,61.3,1016.4,,62.64,0.0,7.1,1022
0,1567350000,63.4,1016.3,,55.55,0.0,8.8,1022
0,1567353600,59.1,1016.4,,59.67,0.0,7.0,1022
0,1567944000,61.7,1010.9,6.9,61.63,0.08,5.1,1023
0,1567947600,62.5,1010.8,6.2,60.84,0.0,5.4,1023
0,1567951200,62.8,1010.5,6.2,60.67,0.002,5.7,1023
0,1567954800,61.8,1010.1,6.2,62.44,0.0,5.9,1023
0,1567958400,60.2,1010.1,6.2,68.58,0.0,4.4,1023
0,1569150000,86.0,1009.2,2.2,70.36,0.0,8.8,1024
0,1569153600,85.4,1010.2,2.6,71.63,0.0,10.4,1024
0,1569157200,84.2,1011.0,2.6,69.1,0.0,9.0,1024
0,1569160800,84.2,1011.4,2.7,69.1,0.0,7.4,1024
0,1569164400,84.1,1012.2,2.7,69.39,0.0,5.6,1024
0,1569751200,69.8,1017.0,6.2,64.29,0.0,6.7,1025
0,1569754800,64.1,1017.0,,70.68,0.004,5.8,1025
0,1569758400,71.4,1017.3,9.4,68.67,0.0,6.7,1025
0,1569762000,69.8,1016.0,6.2,73.11,0.0,6.7,1025
0,1569765600,69.8,1016.0,6.2,68.58,0.0,4.5,1025
0,1570939200,73.8,1013.4,12.4,53.39,0.0,12.0,1026
0,1570942800,73.4,1013.3,12.4,53.25,0.0,12.1,1026
0,1570946400,72.2,1013.8,12.7,53.21,0.0,11.7,1026
0,1570950000,70.8,1014.5,12.3,55.29,0.0,9.3,1026
0,1570953600,68.5,1015.6,12.4,60.36,0.0,6.3,1026
0,1572199200,72.1,1010.9,1.7,60.57,0.0,4.3,1027
0,1572202800,69.7,1014.0,3.1,43.15,0.004,4.7,1027
0,1572206400,70.1,1013.0,,65.16,0.0,2.7,1027
0,1572210000,72.0,1004.8,3.4,47.68,0.0,4.5,1027
0,1572213600,78.7,1012.0,9.9,61.38,0.004,2.2,1027
0,1572804000,69.1,1022.4,9.9,27.41,0.0,12.3,1028
0,1572807600,71.8,1020.7,9.9,24.61,0.0,9.9,1028
0,1572811200,72.1,1019.6,9.9,22.8,0.0,13.2,1028
0,1572814800,73.1,1018.7,9.9,31.67,0.0,10.9,1028
0,1572818400,73.0,1018.1,9.9,36.19,0.0,10.1,1028
0,1574006400,70.5,1015.7,6.2,59.88,0.0,15.2,1029
0,1574010000,68.7,1015.8,6.2,63.56,0.0,15.2,1029
0,1574013600,69.4,1014.0,8.9,58.3,0.0,13.1,1029
0,1574017200,68.7,1014.8,6.2,63.45,0.0,13.1,1029
0,1574020800,65.2,1014.8,6.2,70.95,0.0,12.6,1029
0,1575201600,80.7,1014.5,6.2,49.06,0.0,8.8,1030
0,1575205200,80.3,1015.0,6.2,49.7,0.0,10.0,1030
0,1575208800,78.8,1015.0,6.2,61.36,0.0,8.7,1030
0,1575212400,77.0,1015.9,6.2,68.53,0.0,6.8,1030
0,1575216000,75.5,1016.1,6.2,76.88,0.0,7.5,1030
0,1593950400,79.0,1014.5,24.9,37.69,0.0,6.7,1031
0,1593954000,79.7,1013.6,,37.06,0.0,6.7,1031
0,1593957600,81.1,1012.9,,38.76,0.0,8.3,1031
0,1593961200,81.7,1012.2,24.9,36.43,0.0,2.4,1031
0,1593964800,81.7,1011.8,,38.32,0.0,6.8,1031
0,1594555200,64.9,1023.8,18.6,40.56,0.0,2.3,1032
0,1594558800,61.7,1022.3,,47.2,0.0,6.0,1032
0,1594562400,68.5,1022.6,,38.36,0.0,8.9,1032
0,1594566000,66.7,1023.0,18.6,38.03,0.0,11.1,1032
0,1594569600,66.8,1022.7,,34.1,0.0,8.9,1032
0,1595160000,66.5,1014.2,6.2,89.66,0.095,5.9,1033
0,1595163600,69.1,1013.5,6.2,80.56,0.0,5.1,1033
0,1595167200,70.9,1013.3,6.2,74.35,0.0,3.3,1033
0,1595170800,68.7,1013.8,6.2,82.44,0.0,6.5,1033
0,1595174400,67.9,1013.4,6.2,85.48,0.0,3.3,1033
0,1596369600,68.4,1016.0,23.1,52.61,0.0,10.9,1034
0,1596373200,69.1,1015.9,22.9,49.65,0.0,11.1,1034
0,1596376800,70.0,1015.3,22.6,46.16,0.0,10.6,1034
0,1596380400,71.2,1014.9,24.7,44.8,0.0,10.8,1034
0,1596384000,70.5,1014.8,25.5,44.0,0.0,10.3,1034
0,1596974400,73.6,1018.4,17.2,66.46,0.0,8.9,1035
0,1596978000,77.1,1017.9,17.0,60.59,0.0,9.5,1035
0,1596981600,79.4,1017.4,18.2,57.16,0.0,9.6,1035
0,1596985200,81.1,1017.0,16.4,54.66,0.0,8.7,1035
0,1596988800,80.9,1016.5,16.8,54.57,0.0,8.1,1035
0,1597579200,83.6,1011.9,6.7,60.12,0.0,11.7,1036
0,1597582800,84.1,1011.1,7.1,62.15,0.0,11.7,1036
0,1597586400,83.3,1011.0,7.2,64.32,0.0,12.2,1036
0,1597590000,82.7,1010.9,6.7,69.48,0.0,11.4,1036
0,1597593600,81.1,1010.9,7.0,72.87,0.0,10.4,1036
0,1598788800,60.5,1010.5,8.4,65.53,0.0,5.3,1037
0,1598792400,60.7,1010.1,6.2,66.21,0.0,6.9,1037
0,1598796000,61.1,1009.9,6.2,61.97,0.0,7.0,1037
0,1598799600,60.9,1011.8,6.2,69.87,0.0,9.2,1037
0,1598803200,59.1,1011.8,6.6,75.89,0.0,6.4,1037
0,1599393600,78.0,1012.3,6.2,47.61,0.0,5.8,1038
0,1599397200,78.4,1012.2,6.2,47.44,0.0,5.4,1038
0,1599400800,79.2,1011.3,6.2,46.36,0.0,4.9,1038
0,1599404400,78.9,1011.2,6.2,46.77,0.0,6.0,1038
0,1599408000,78.2,1011.2,6.2,47.44,0.0,5.7,1038
0,1599998400,89.4,1022.6,6.2,35.07,0.0,6.6,1039
0,1600002000,88.6,1022.4,6.2,38.03,0.0,8.5,1039
0,1600005600,88.4,1022.4,6.2,39.01,0.0,10.2,1039
0,1600009200,88.2,1022.5,6.2,38.98,0.0,10.3,1039
0,1600012800,85.9,1022.5,6.2,43.21,0.0,12.0,1039
0,1601200800,82.4,1013.0,6.2,51.25,0.0,6.7,1040
0,1601204400,84.2,1012.0,6.2,45.37,0.0,6.7,1040
0,1601208000,82.9,1019.0,9.4,45.88,0.0,8.9,1040
0,1601211600,82.4,1013.0,6.2,51.25,0.0,6.7,1040
0,1601215200,80.6,1013.0,6.2,50.99,0.0,4.5,1040
0,1602417600,49.8,1020.0,30.4,62.87,0.0,6.3,1041
0,1602421200,49.1,1020.0,29.8,64.22,0.0,4.8,1041
0,1602424800,49.0,1019.8,,63.68,0.0,5.7,1041
0,1602428400,49.8,1019.8,,64.32,0.0,6.2,1041
0,1602432000,48.6,1020.0,,67.4,0.0,2.9,1041
0,1603623600,67.5,1022.3,6.2,76.94,0.0,11.5,1042
0,1603627200,68.7,1021.7,9.3,76.56,0.0,11.7,1042
0,1603630800,68.6,1020.7,6.2,76.58,0.0,12.9,1042
0,1603634400,67.1,1019.8,6.2,80.76,0.0,14.0,1042
0,1603638000,67.2,1019.3,7.8,82.54,0.0,13.2,1042
0,1604228400,58.7,1022.7,6.2,87.66,0.0,2.8,1043
0,1604232000,59.4,1022.7,6.2,86.11,0.004,3.8,1043
0,1604235600,60.8,1022.4,6.2,83.76,0.0,2.3,1043
0,1604239200,61.7,1021.9,6.2,81.35,0.0,1.8,1043
0,1604242800,61.4,1021.9,6.2,82.01,0.0,2.0,1043
0,1605430800,58.7,1024.1,6.3,70.07,0.0,4.2,1044
0,1605434400,57.3,1023.2,6.5,71.88,0.0,5.3,1044
0,1605438000,58.1,1023.1,6.4,69.68,0.0,3.1,1044
0,1605441600,57.3,1023.1,6.4,69.71,0.001,2.9,1044
0,1605445200,57.4,1023.1,6.4,71.24,0.0,3.0,1044
0,1606654800,79.4,1014.4,6.2,58.3,0.0,7.3,1045
0,1606658400,77.0,1015.4,6.2,68.38,0.0,5.4,1045
0,1606662000,76.2,1016.3,6.7,70.4,0.0,5.0,1045
0,1606665600,76.4,1015.7,6.2,69.65,0.0,5.0,1045
0,1606669200,75.2,1016.4,6.2,75.43,0.0,4.7,1045
0,1607270400,70.5,1014.0,3.9,60.33,0.0,19.5,1046
0,1607274000,68.7,1015.0,5.0,53.73,0.0,18.7,1046
0,1607277600,68.3,1015.9,5.5,62.2,0.0,16.3,1046
0,1607281200,66.3,1015.7,6.2,69.57,0.0,12.9,1046
0,1607284800,66.3,1015.7,6.2,69.57,0.0,11.0,1046
0,1607860800,75.4,1015.2,6.2,44.59,0.0,11.6,1047
0,1607864400,73.7,1015.0,6.2,52.29,0.0,11.2,1047
0,1607868000,73.4,1015.1,6.2,53.33,0.0,8.4,1047
0,1607871600,71.9,1016.4,6.2,58.85,0.0,10.1,1047
0,1607875200,71.6,1017.0,6.2,59.29,0.0,9.0,1047
0,1618743600,55.1,1015.9,6.2,53.68,0.0,4.4,1053
0,1618747200,57.5,1015.5,6.2,49.84,0.014,5.4,1053
0,1618750800,55.7,1015.8,6.2,52.95,0.0,6.2,1053
0,1618754400,56.8,1015.4,6.2,49.73,0.0,4.5,1053
0,1618758000,56.4,1015.4,6.2,51.71,0.0,4.9,1053
0,1618761600,56.2,1015.3,6.2,51.55,0.0,4.8,1053
0,1647781200,76.9,1010.7,6.2,24.49,0.0,17.7,1074
0,1647784800,75.1,1010.7,6.2,29.28,0.0,16.5,1074
0,1647788400,72.7,1010.8,8.4,37.77,0.0,12.9,1074
0,1647792000,72.2,1010.7,6.2,38.05,0.0,11.1,1074
0,1647795600,70.4,1010.7,6.2,41.53,0.0,8.5,1074
0,1647799200,69.5,1010.9,8.4,44.54,0.0,8.5,1074
0,1616936400,72.2,1014.7,6.2,44.01,0.0,27.1,1052
0,1616940000,70.4,1014.7,6.2,49.0,0.0,27.1,1052
0,1616943600,68.7,1014.9,6.7,51.28,0.0,25.3,1052
0,1616947200,68.0,1014.7,6.2,54.21,0.0,24.3,1052
0,1616950800,69.2,1015.7,6.2,49.58,0.0,22.5,1052
0,1616954400,69.0,1015.8,6.7,49.78,0.0,24.9,1052
0,1637496000,82.8,1012.6,6.2,56.87,0.0,10.0,1051
0,1637499600,81.3,1012.5,7.7,62.92,0.0,10.1,1051
0,1637503200,80.6,1013.0,6.2,69.23,0.0,9.4,1051
0,1637506800,80.0,1013.8,6.2,69.19,0.0,10.8,1051
0,1637510400,78.7,1014.5,6.2,76.49,0.0,9.7,1051
0,1637514000,78.9,1015.1,6.8,77.06,0.0,10.1,1051
0,1619956800,64.0,1018.1,9.3,49.85,0.0,15.1,1054
0,1619960400,64.7,1017.8,6.2,45.91,0.0,16.1,1054
0,1619964000,64.8,1017.2,6.2,48.97,0.0,14.9,1054
0,1619967600,65.0,1017.0,10.8,49.08,0.0,14.8,1054
0,1619971200,64.3,1016.3,6.2,49.24,0.0,15.6,1054
0,1619974800,65.2,1016.0,6.2,50.5,0.0,13.4,1054
0,1620558000,70.1,1009.0,6.6,60.47,0.0,9.3,1055
0,1620561600,69.0,1008.5,6.6,64.18,0.0,7.3,1055
0,1620565200,69.1,1007.6,6.8,67.54,0.0,7.6,1055
0,1620568800,70.1,1006.5,6.5,68.67,0.0,8.0,1055
0,1620572400,72.2,1005.6,6.3,65.28,0.0,9.2,1055
0,1620576000,69.3,1005.0,6.3,71.0,0.0,8.4,1055
0,1621767600,71.7,1014.0,17.0,47.36,0.0,15.4,1056
0,1621771200,73.5,1013.9,17.0,42.74,0.0,9.6,1056
0,1621774800,70.2,1014.1,16.3,54.85,0.0,22.1,1056
0,1621778400,67.9,1014.4,15.0,70.12,0.0,20.8,1056
0,1621782000,67.8,1015.1,16.8,66.81,0.0,17.9,1056
0,1621785600,66.2,1015.3,17.0,70.04,0.0,16.4,1056
0,1622973600,77.0,1013.0,6.2,53.83,0.0,16.1,1057
0,1622977200,75.2,1012.0,6.2,53.58,0.0,18.3,1057
0,1622980800,74.8,1012.1,7.0,57.02,0.0,6.6,1057
0,1622984400,75.2,1011.0,6.2,57.15,0.0,16.1,1057
0,1622988000,73.4,1011.0,6.2,60.7,0.0,13.9,1057
0,1622991600,71.2,1011.1,7.0,64.77,0.0,8.8,1057
0,1624791600,75.7,1014.1,,51.09,0.0,2.4,1058
0,1624795200,77.9,1013.5,18.6,44.06,0.0,4.5,1058
0,1624798800,79.0,1013.2,,38.6,0.0,6.7,1058
0,1624802400,80.2,1012.7,,37.73,0.0,4.5,1058
0,1624806000,79.0,1012.6,18.6,46.12,0.0,4.5,1058
0,1624809600,75.0,1013.1,,58.65,0.0,8.9,1058
0,1624186800,77.9,1009.9,9.1,72.19,0.013,11.9,1059
0,1624190400,79.8,1009.2,19.3,65.15,0.0,13.1,1059
0,1624194000,79.9,1008.4,11.5,62.35,0.003,13.1,1059
0,1624197600,80.2,1008.4,11.4,65.33,0.001,16.1,1059
0,1624201200,79.2,1008.8,10.2,69.21,0.0,16.4,1059
0,1624204800,77.0,1008.7,10.9,78.59,0.0,17.1,1059
0,1625396400,67.1,1012.0,,59.31,0.0,2.3,1060
0,1625400000,66.4,1012.1,12.4,59.56,0.0,2.3,1060
0,1625403600,69.4,1010.7,,54.72,0.0,2.4,1060
0,1625407200,70.4,1009.8,,50.68,0.0,2.3,1060
0,1625410800,71.2,1009.0,12.4,53.88,0.0,2.4,1060
0,1625414400,70.9,1008.3,,54.95,0.0,4.6,1060
0,1626609600,82.5,1025.0,20.3,51.73,0.0,3.3,1061
0,1626613200,83.8,1024.4,18.4,49.13,0.0,5.5,1061
0,1626616800,84.5,1024.1,22.5,45.49,0.0,4.5,1061
0,1626620400,84.6,1023.8,24.3,44.58,0.0,4.1,1061
0,1626624000,84.4,1023.2,20.8,45.47,0.0,4.4,1061
0,1626627600,83.8,1022.8,21.6,46.59,0.0,4.8,1061
0,1627815600,83.7,1005.7,6.2,58.81,0.0,10.0,1062
0,1627819200,85.3,1005.4,6.2,54.73,0.185,9.3,1062
0,1627822800,81.4,1005.1,6.2,71.21,0.0,2.7,1062
0,1627826400,83.9,1003.6,6.2,60.78,0.0,8.3,1062
0,1627830000,83.2,1003.7,6.2,63.04,0.0,6.3,1062
0,1627833600,80.7,1003.7,6.2,68.48,0.0,5.6,1062
0,1630234800,52.4,1019.6,1.9,96.96,0.003,7.9,1063
0,1630238400,52.5,1019.7,1.8,99.26,0.016,9.2,1063
0,1630242000,53.0,1019.3,1.7,99.5,0.11,10.8,1063
0,1630245600,53.1,1019.1,1.8,99.42,0.062,9.1,1063
0,1630249200,53.5,1018.6,1.8,99.57,0.06,8.8,1063
0,1630252800,54.1,1018.5,2.8,97.95,0.005,7.3,1063
0,1630839600,67.4,1022.0,15.6,62.97,0.0,8.9,1064
0,1630843200,68.9,1021.9,19.2,60.36,0.0,8.9,1064
0,1630846800,70.2,1021.7,19.7,59.71,0.0,9.2,1064
0,1630850400,70.5,1021.5,17.3,59.42,0.0,7.7,1064
0,1630854000,70.6,1021.4,17.3,56.81,0.0,7.5,1064
0,1630857600,70.1,1021.4,23.2,57.38,0.0,7.6,1064
0,1631444400,77.9,1016.9,6.2,48.12,0.0,3.8,1065
0,1631448000,79.4,1016.2,6.2,46.54,0.0,4.1,1065
0,1631451600,79.6,1015.3,6.2,44.53,0.0,4.6,1065
0,1631455200,73.3,1014.7,6.2,49.83,0.0,4.2,1065
0,1631458800,80.7,1014.3,6.2,36.74,0.0,5.0,1065
0,1631462400,80.3,1014.4,6.2,38.42,0.0,4.7,1065
0,1632650400,64.4,1023.0,6.2,59.52,0.0,4.5,1066
0,1632654000,64.4,1023.0,6.2,63.63,0.0,6.7,1066
0,1632657600,64.9,1023.3,9.4,62.76,0.0,4.5,1066
0,1632661200,64.4,1023.0,6.2,63.63,0.0,4.5,1066
0,1632664800,60.8,1023.0,6.2,82.39,0.0,2.2,1066
0,1632668400,59.9,1023.1,9.4,85.72,0.023,1.1,1066
0,1633860000,61.3,1021.0,3.2,97.06,0.0,16.3,1067
0,1633863600,61.2,1021.0,3.7,97.05,0.0,14.2,1067
0,1633867200,61.2,1021.0,4.2,97.15,0.002,14.3,1067
0,1633870800,62.8,1021.0,4.9,91.9,0.0,13.4,1067
0,1633874400,62.7,1021.0,5.4,91.97,0.0,13.3,1067
0,1633878000,62.7,1020.1,5.4,92.26,0.0,12.6,1067
0,1635094800,76.9,1011.4,9.9,81.92,0.0,6.4,1069
0,1635098400,80.8,1010.6,9.9,67.94,0.0,10.2,1069
0,1635102000,83.9,1009.5,9.9,56.82,0.0,9.0,1069
0,1635105600,84.9,1008.5,9.9,57.05,0.0,10.1,1069
0,1635109200,85.0,1008.2,9.9,56.65,0.0,11.2,1069
0,1635112800,85.7,1008.2,9.9,53.19,0.0,7.7,1069
0,1636304400,62.5,1031.8,6.2,48.29,0.0,3.4,1070
0,1636308000,66.3,1014.7,7.1,33.97,0.0,5.6,1070
0,1636311600,70.1,1018.0,,35.9,0.0,4.7,1070
0,1636315200,68.1,1028.4,9.9,24.36,0.0,6.9,1070
0,1636318800,73.5,1012.3,1.5,29.71,0.0,4.5,1070
0,1636322400,68.4,1014.0,,36.14,0.0,6.7,1070
0,1636902000,72.7,1018.8,9.4,50.68,0.0,5.6,1071
0,1636905600,75.3,1017.8,6.2,45.09,0.0,3.8,1071
0,1636909200,74.4,1017.6,6.2,53.63,0.0,11.9,1071
0,1636912800,72.6,1017.3,8.9,58.15,0.0,14.3,1071
0,1636916400,70.6,1017.6,6.2,62.65,0.0,16.2,1071
0,1636920000,67.0,1017.8,6.2,67.16,0.0,14.7,1071
0,1638720000,84.2,1013.0,6.2,65.98,0.0,4.7,1072
0,1638723600,84.2,1013.0,6.2,70.11,0.0,4.7,1072
0,1638727200,82.8,1013.9,6.2,70.49,0.0,4.7,1072
0,1638730800,82.4,1014.0,6.2,69.93,0.0,4.7,1072
0,1638734400,80.6,1014.0,6.2,69.74,0.0,3.4,1072
0,1639306800,77.0,1017.0,6.2,53.81,0.0,11.4,1073
0,1639310400,76.7,1017.0,,57.72,0.0,12.1,1073
0,1639314000,77.0,1017.0,6.2,50.98,0.0,10.5,1073
0,1639317600,75.2,1017.2,6.2,57.71,0.0,7.9,1073
0,1639321200,75.2,1018.0,6.2,57.15,0.0,7.6,1073
0,1639324800,75.2,1018.0,6.2,57.15,0.0,6.3,1073
0,1648393200,84.4,1012.1,3.7,26.69,0.0,15.0,1075
0,1648396800,80.6,1012.0,5.0,36.83,0.0,15.0,1075
0,1648400400,78.8,1013.0,6.2,47.56,0.0,16.1,1075
0,1648404000,77.2,1013.5,6.2,53.62,0.0,15.0,1075
0,1648407600,77.0,1014.0,6.2,50.47,0.0,15.0,1075
0,1648411200,75.2,1014.0,6.2,57.15,0.0,12.8,1075
0,1649559600,76.0,1016.4,6.2,52.73,0.0,15.0,1076
0,1649563200,78.1,1015.8,6.2,48.77,0.0,11.6,1076
0,1649566800,79.7,1015.6,6.2,45.03,0.0,10.5,1076
0,1649570400,79.5,1015.2,6.2,43.05,0.0,10.4,1076
0,1649574000,78.2,1015.2,6.2,42.26,0.0,9.3,1076
0,1649577600,76.6,1015.6,6.2,44.11,0.0,8.1,1076
0,1650798000,56.3,1005.9,6.2,79.61,0.0,4.8,1077
0,1650801600,60.7,1005.3,6.2,67.12,0.091,8.4,1077
0,1650805200,58.7,1005.6,6.2,73.91,0.0,5.7,1077
0,1650808800,56.2,1006.0,5.6,83.23,0.0,5.3,1077
0,1650812400,57.3,1005.6,5.6,87.38,0.0,4.7,1077
0,1650816000,58.2,1005.6,6.2,79.5,0.0,5.6,1077
0,1652032800,89.4,1010.7,9.9,49.59,0.0,11.9,1078
0,1652036400,88.9,1010.5,9.9,50.92,0.008,3.2,1078
0,1652040000,86.7,1010.0,9.9,59.7,0.008,14.8,1078
0,1652043600,83.8,1009.4,9.9,67.11,0.0,11.7,1078
0,1652047200,84.7,1009.2,9.9,64.08,0.0,8.0,1078
0,1653217200,93.6,1011.9,7.2,19.9,0.0,9.5,1079
0,1653220800,95.5,1011.0,7.8,14.69,0.0,17.3,1079
0,1653224400,95.5,1010.9,7.2,12.96,0.0,11.9,1079
0,1653228000,95.4,1009.9,7.2,12.23,0.0,12.8,1079
0,1653231600,95.3,1009.8,7.8,13.0,0.0,14.0,1079
0,1653235200,93.5,1009.0,7.2,15.56,0.0,11.9,1079
0,1653822000,75.3,1003.1,12.0,68.36,0.0,16.2,1080
0,1653825600,75.2,1003.0,10.7,71.62,0.0,16.3,1080
0,1653829200,74.7,1003.2,7.1,73.26,0.0,19.5,1080
0,1653832800,73.2,1003.3,8.5,73.61,0.0,17.9,1080
0,1653836400,71.7,1003.4,9.8,71.79,0.0,13.9,1080
0,1653840000,71.2,1003.9,9.0,74.44,0.0,11.8,1080
0,1655024400,82.6,1008.1,7.0,33.39,0.0,13.5,1081
0,1655028000,82.4,1007.0,6.2,37.1,0.0,13.9,1081
0,1655031600,82.4,1007.0,6.2,37.1,0.0,13.9,1081
0,1655035200,82.6,1006.2,7.0,34.06,0.0,13.4,1081
0,1655038800,82.4,1006.0,6.2,34.73,0.0,18.3,1081
0,1655042400,80.6,1005.0,6.2,39.34,0.0,16.1,1081
0,1655654400,62.5,1014.8,12.5,40.28,0.0,7.6,1082
0,1655658000,65.0,1014.5,12.5,38.1,0.0,9.5,1082
0,1655661600,66.9,1014.2,13.2,31.16,0.0,9.7,1082
0,1655665200,69.2,1013.9,12.5,29.2,0.0,9.8,1082
0,1655668800,70.2,1013.7,12.5,27.73,0.0,9.8,1082
0,1655672400,71.4,1013.7,13.2,27.14,0.0,7.8,1082
0,1656849600,66.7,1019.1,24.7,56.3,0.0,6.4,1083
0,1656853200,64.4,1019.4,25.9,61.51,0.0,8.4,1083
0,1656856800,64.0,1019.5,28.7,63.5,0.028,7.4,1083
0,1656860400,63.4,1019.8,27.2,65.89,0.0,8.4,1083
0,1656864000,64.2,1019.8,29.2,64.88,0.0,7.5,1083
0,1656867600,65.9,1019.7,32.1,58.06,0.0,8.2,1083
0,1657450800,66.4,1016.5,,53.1,0.0,4.6,1084
0,1657454400,67.1,1016.4,18.6,44.44,0.0,13.3,1084
0,1657458000,70.6,1015.9,,37.1,0.0,17.7,1084
0,1657461600,69.0,1016.5,,40.48,0.0,15.5,1084
0,1657465200,68.5,1016.6,18.6,39.88,0.0,15.5,1084
0,1657468800,66.7,1016.9,,47.45,0.0,17.6,1084
0,1658660400,89.3,1016.4,11.3,48.74,0.0,8.2,1085
0,1658664000,89.8,1016.4,18.1,46.47,0.0,7.2,1085
0,1658667600,90.8,1015.8,12.4,47.13,0.0,9.9,1085
0,1658671200,90.6,1015.5,19.5,47.95,0.0,10.3,1085
0,1658674800,89.3,1015.2,15.4,48.41,0.0,11.6,1085
0,1658678400,88.1,1015.0,15.1,52.04,0.0,10.6,1085
0,1659265200,68.7,1013.3,6.2,63.83,0.0,19.4,1086
0,1659268800,69.2,1013.5,6.2,62.81,0.007,20.7,1086
0,1659272400,67.8,1014.0,6.2,64.69,0.0,18.4,1086
0,1659276000,67.4,1014.0,6.2,64.57,0.0,15.1,1086
0,1659279600,66.5,1014.1,6.2,63.84,0.0,16.8,1086
0,1659283200,66.8,1013.6,6.2,63.26,0.0,10.9,1086
0,1661684400,64.5,1020.0,8.8,57.65,0.0,7.4,1087
0,1661688000,65.4,1019.8,6.2,49.78,0.0,7.5,1087
0,1661691600,67.3,1019.9,6.2,46.43,0.0,6.3,1087
0,1661695200,68.0,1019.4,6.2,46.15,0.0,6.3,1087
0,1661698800,67.9,1019.2,6.2,44.7,0.0,6.0,1087
0,1661702400,67.4,1019.2,6.2,46.05,0.0,7.7,1087
0,1662289200,73.7,1017.5,10.6,70.31,0.0,7.0,1088
0,1662292800,75.3,1017.5,15.5,65.64,0.0,8.5,1088
0,1662296400,75.6,1017.7,20.0,63.54,0.0,8.4,1088
0,1662300000,75.0,1017.7,23.3,65.44,0.0,8.3,1088
0,1662303600,75.3,1017.7,22.9,63.54,0.0,8.7,1088
0,1662307200,74.4,1017.7,24.6,63.44,0.0,7.8,1088
0,1662894000,74.8,1015.8,6.2,45.3,0.0,4.2,1089
0,1662897600,77.7,1015.2,6.2,40.08,0.0,4.0,1089
0,1662901200,78.3,1015.0,6.2,37.83,0.0,5.2,1089
0,1662904800,79.4,1014.2,6.2,33.24,0.0,3.8,1089
0,1662908400,79.4,1013.3,6.2,33.07,0.0,6.0,1089
0,1662912000,78.7,1013.3,6.2,37.48,0.0,4.6,1089
0,1664704800,84.7,1007.0,6.2,71.86,0.0,9.1,1091
0,1664708400,79.1,1007.8,4.4,82.5,0.0,4.1,1091
0,1664712000,79.1,1008.1,6.2,83.61,0.0,1.9,1091
0,1664715600,78.6,1008.7,6.2,88.59,0.0,2.2,1091
0,1664719200,79.1,1009.1,6.2,87.44,0.0,1.8,1091
0,1664722800,79.0,1009.7,6.4,89.06,0.0,1.3,1091
0,1665284400,67.2,1021.5,12.6,73.99,0.0,2.4,1092
0,1665288000,65.9,1020.7,9.5,81.55,0.0,3.0,1092
0,1665291600,63.5,1020.5,5.3,91.04,0.0,3.4,1092
0,1665295200,61.9,1020.6,4.7,94.88,0.18,4.9,1092
0,1665298800,61.6,1020.5,8.0,94.44,0.0,5.5,1092
0,1665302400,61.2,1019.6,10.6,93.66,0.0,6.3,1092
0,1666544400,82.0,1011.5,9.9,54.65,0.0,20.9,1093
0,1666548000,84.7,1010.5,9.9,49.92,0.0,22.3,1093
0,1666551600,85.0,1009.5,9.9,49.48,0.0,15.6,1093
0,1666555200,87.1,1007.9,9.9,46.09,0.0,18.8,1093
0,1666558800,86.2,1007.2,9.9,47.68,0.0,19.9,1093
0,1666562400,84.8,1007.9,9.9,47.65,0.0,19.7,1093
0,1667152800,71.6,1009.1,5.8,44.92,0.0,5.5,1094
0,1667156400,75.3,1025.4,6.8,38.55,0.0,0.0,1094
0,1667160000,75.1,1023.7,6.8,33.62,0.0,6.9,1094
0,1667163600,75.3,1003.9,6.0,34.61,0.0,5.6,1094
0,1667167200,75.3,1022.3,6.2,29.32,0.0,3.4,1094
0,1667170800,75.1,1022.0,6.2,31.43,0.0,4.7,1094
0,1668355200,84.6,1013.8,6.2,37.03,0.0,6.8,1095
0,1668358800,86.1,1012.8,6.2,33.42,0.0,8.1,1095
0,1668362400,81.2,1012.5,8.8,55.14,0.0,12.2,1095
0,1668366000,74.6,1012.6,6.2,74.97,0.0,13.1,1095
0,1668369600,70.6,1012.6,6.2,85.96,0.0,11.0,1095
0,1668373200,68.8,1012.8,7.8,87.82,0.0,11.6,1095
0,1668942000,86.0,1013.0,6.2,51.76,0.0,16.5,1096
0,1668945600,84.5,1013.2,6.2,55.11,0.0,16.8,1096
0,1668949200,84.2,1013.2,6.2,55.36,0.0,15.8,1096
0,1668952800,82.4,1013.2,6.2,61.83,0.0,13.9,1096
0,1668956400,82.0,1014.2,6.2,62.83,0.0,14.8,1096
0,1668960000,80.9,1015.0,6.2,68.44,0.0,11.4,1096
0,1678021200,83.5,1016.7,6.2,24.53,0.0,7.7,1098
0,1678024800,81.7,1016.7,6.2,31.41,0.0,6.9,1098
0,1678028400,79.7,1017.0,6.7,33.69,0.0,5.8,1098
0,1678032000,78.2,1017.4,6.2,33.9,0.0,3.8,1098
0,1678035600,77.1,1017.7,6.2,36.08,0.0,4.3,1098
0,1678039200,77.0,1017.9,7.1,36.13,0.0,4.7,1098
0,1679238000,82.6,1010.5,6.2,34.6,0.0,13.9,1099
0,1679241600,80.6,1010.0,6.2,30.11,0.0,10.3,1099
0,1679245200,78.8,1011.0,6.2,47.56,0.0,6.9,1099
0,1679248800,76.8,1011.3,6.2,57.86,0.0,8.1,1099
0,1679252400,75.2,1011.0,6.2,64.94,0.0,9.2,1099
0,1679256000,73.4,1011.0,6.2,64.72,0.0,6.9,1099
0,1680404400,62.8,1020.4,15.0,55.33,0.0,7.9,1100
0,1680408000,63.4,1019.5,15.0,51.1,0.0,6.9,1100
0,1680411600,64.3,1019.4,15.0,53.44,0.0,7.0,1100
0,1680415200,64.6,1019.2,15.0,51.99,0.0,6.1,1100
0,1680418800,62.9,1019.1,15.0,56.97,0.0,6.1,1100
0,1680422400,61.0,1019.3,15.0,62.12,0.0,5.0,1100
0,1682845200,71.6,1006.9,7.0,58.9,0.0,12.1,1101
0,1682848800,71.6,1007.0,6.2,60.47,0.0,11.4,1101
0,1682852400,75.2,1006.0,6.2,53.58,0.0,11.4,1101
0,1682856000,74.8,1005.6,6.4,52.56,0.0,10.0,1101
0,1682859600,71.6,1007.0,6.2,60.47,0.0,20.8,1101
0,1682863200,69.8,1007.0,6.2,64.29,0.0,13.9,1101
0,1683482400,82.1,1020.0,9.9,58.79,0.0,17.5,1102
0,1683486000,80.6,1019.2,9.9,59.95,0.0,19.0,1102
0,1683489600,80.7,1018.8,9.9,59.77,0.0,18.0,1102
0,1683493200,80.8,1018.3,9.9,57.65,0.0,17.2,1102
0,1683496800,80.1,1018.1,9.9,58.55,0.0,16.0,1102
0,1685271600,73.7,1014.2,12.1,69.87,0.0,7.6,1104
0,1685275200,73.6,1014.2,12.9,67.85,0.0,7.2,1104
0,1685278800,75.5,1014.1,12.1,50.21,0.0,4.6,1104
0,1685282400,74.7,1013.9,13.8,54.94,0.0,5.0,1104
0,1685286000,75.2,1013.4,14.1,53.51,0.0,12.6,1104
0,1685289600,73.9,1013.0,14.1,56.31,0.0,14.1,1104
0,1685876400,74.0,1015.0,7.2,57.46,0.0,8.0,1105
0,1685880000,76.5,1014.5,7.4,53.63,0.0,10.8,1105
0,1685883600,71.8,1015.0,6.9,63.36,0.0,12.8,1105
0,1685887200,69.9,1015.0,7.2,69.49,0.0,9.8,1105
0,1685890800,70.0,1015.0,7.5,69.21,0.0,9.0,1105
0,1685894400,71.7,1015.0,7.2,61.57,0.0,4.3,1105
0,1687104000,60.8,1013.3,9.8,74.87,0.0,4.9,1106
0,1687107600,61.2,1013.1,9.8,73.18,0.0,6.2,1106
0,1687111200,64.7,1012.7,11.5,67.99,0.0,4.0,1106
0,1687114800,64.8,1012.7,10.7,64.82,0.0,5.0,1106
0,1687118400,64.6,1013.6,10.7,67.64,0.0,4.9,1106
0,1687122000,65.8,1014.0,10.8,66.36,0.0,3.8,1106
0,1688295600,71.6,1009.4,,57.93,0.0,8.9,1107
0,1688299200,72.6,1009.4,,56.98,0.0,4.6,1107
0,1688302800,72.5,1009.3,,56.19,0.0,4.6,1107
0,1688306400,70.9,1009.5,,61.95,0.0,4.5,1107
0,1688310000,73.5,1009.1,,53.46,0.0,2.4,1107
0,1688313600,66.1,1010.8,,66.24,0.0,3.3,1107
0,1688904000,69.4,1018.6,21.3,61.8,0.0,8.1,1108
0,1688907600,69.6,1018.3,20.6,61.48,0.002,9.9,1108
0,1688911200,71.4,1018.0,25.0,60.33,0.002,11.2,1108
0,1688914800,71.9,1017.9,23.8,57.47,0.0,9.9,1108
0,1688918400,71.8,1017.3,24.8,56.42,0.0,12.4,1108
0,1688922000,70.7,1017.2,19.4,54.57,0.0,12.7,1108
0,1690110000,82.3,1017.0,6.2,37.98,0.0,9.1,1109
0,1690113600,83.2,1016.1,6.2,36.52,0.0,8.7,1109
0,1690117200,84.4,1015.8,6.2,35.32,0.0,9.7,1109
0,1690120800,85.7,1015.1,6.2,34.04,0.0,8.2,1109
0,1690124400,85.6,1014.8,6.2,35.42,0.0,9.4,1109
0,1690128000,85.5,1014.5,6.2,34.39,0.0,8.7,1109
0,1690714800,59.5,1014.2,6.2,72.12,0.0,13.0,1110
0,1690718400,59.4,1014.4,6.2,69.13,0.0,15.1,1110
0,1690722000,60.8,1014.8,6.2,65.71,0.0,12.4,1110
0,1690725600,61.3,1014.7,6.2,67.53,0.0,12.3,1110
0,1690729200,61.9,1014.7,6.2,64.71,0.0,14.5,1110
0,1690732800,62.9,1014.4,6.2,61.23,0.0,10.8,1110
0,1693134000,58.9,1007.3,9.7,80.22,0.0,12.9,1111
0,1693137600,62.5,1007.4,9.2,76.71,0.008,11.3,1111
0,1693141200,61.0,1007.3,8.8,77.24,0.0,14.2,1111
0,1693144800,63.0,1008.1,9.7,71.98,0.0,13.9,1111
0,1693148400,61.7,1008.3,10.1,73.69,0.0,14.0,1111
0,1693152000,60.2,1008.3,10.2,76.38,0.0,12.6,1111
0,1693738800,81.1,1022.3,6.2,53.52,0.0,6.6,1112
0,1693742400,81.5,1022.1,6.2,53.37,0.0,6.6,1112
0,1693746000,84.7,1022.1,6.2,50.27,0.0,6.5,1112
0,1693749600,85.2,1021.2,6.2,49.11,0.0,7.0,1112
0,1693753200,84.9,1021.1,6.2,47.6,0.0,6.0,1112
0,1693756800,84.8,1020.4,6.2,47.61,0.0,4.7,1112
0,1694944800,85.3,1007.7,6.2,71.67,0.0,5.8,1113
0,1694948400,84.1,1008.0,6.2,72.84,0.0,4.4,1113
0,1694952000,82.9,1009.0,6.4,79.17,0.133,5.1,1113
0,1694955600,81.9,1009.7,6.2,83.06,0.0,5.9,1113
0,1694959200,83.0,1010.1,6.2,83.24,0.0,4.1,1113
0,1694962800,83.0,1011.0,6.3,80.26,0.0,5.7,1113
0,1695524400,78.6,1017.0,6.8,60.97,0.0,7.2,1114
0,1695528000,78.8,1016.5,6.2,59.52,0.004,9.7,1114
0,1695531600,78.8,1016.0,6.2,57.63,0.0,10.9,1114
0,1695535200,80.5,1016.8,10.3,50.98,0.0,6.8,1114
0,1695538800,78.8,1016.0,6.2,57.63,0.0,9.2,1114
0,1695542400,77.0,1016.0,6.2,61.16,0.0,8.6,1114
0,1696777200,91.7,1010.0,6.2,70.41,0.0,8.1,1115
0,1696780800,91.9,1010.0,6.2,68.72,0.0,5.6,1115
0,1696784400,91.7,1010.9,6.2,70.02,0.0,4.7,1115
0,1696788000,89.8,1011.0,6.1,77.65,0.0,5.2,1115
0,1696791600,88.7,1010.5,6.2,80.44,0.0,5.2,1115
0,1696795200,88.5,1010.0,6.2,75.08,0.0,6.9,1115
0,1697994000,80.9,1013.4,9.9,60.39,0.0,12.0,1116
0,1697997600,84.0,1012.4,9.9,51.16,0.0,12.2,1116
0,1698001200,87.0,1011.3,9.9,41.61,0.0,11.0,1116
0,1698004800,88.0,1010.3,9.9,39.1,0.0,10.5,1116
0,1698008400,88.2,1009.7,9.9,42.52,0.0,14.4,1116
0,1698012000,84.9,1009.6,9.9,50.78,0.0,14.4,1116
0,1698602400,70.3,1009.6,4.5,46.15,0.0,3.2,1117
0,1698606000,75.3,1021.6,5.6,34.73,0.0,3.9,1117
0,1698609600,76.7,1006.9,2.6,37.9,0.0,6.6,1117
0,1698613200,77.7,1004.3,3.3,29.7,0.0,4.5,1117
0,1698616800,78.9,1020.5,11.8,18.38,0.0,9.1,1117
0,1698620400,78.9,1020.5,11.8,18.35,0.0,3.4,1117
0,1699196400,69.8,1019.5,9.4,56.35,0.0,11.1,1118
0,1699200000,68.8,1018.8,6.2,62.32,0.0,14.0,1118
0,1699203600,70.2,1018.8,6.2,57.1,0.0,10.5,1118
0,1699207200,69.7,1018.8,9.4,60.55,0.0,13.6,1118
0,1699210800,68.0,1018.8,6.2,60.67,0.0,12.5,1118
0,1699214400,64.8,1018.8,6.2,63.56,0.0,13.1,1118
0,1700366400,63.8,1013.1,9.9,46.77,0.0,8.5,1119
0,1700370000,63.6,1013.3,9.9,46.88,0.0,9.2,1119
0,1700373600,62.4,1013.0,9.9,50.65,0.0,10.2,1119
0,1700377200,62.8,1012.4,9.9,50.46,0.0,11.3,1119
0,1700996400,82.4,1014.0,6.2,44.19,0.0,11.1,1120
0,1701000000,82.0,1014.1,6.2,45.12,0.0,13.3,1120
0,1701003600,80.6,1014.0,6.2,50.51,0.0,13.2,1120
0,1701007200,80.3,1015.0,6.2,50.48,0.0,10.7,1120
0,1701010800,78.9,1015.5,6.2,55.47,0.0,6.6,1120
0,1701014400,78.8,1016.0,6.2,56.54,0.0,5.6,1120
0,1709384400,66.8,1017.4,6.2,43.84,0.0,8.4,1121
0,1709388000,66.2,1017.4,6.2,46.86,0.0,8.1,1121
0,1709391600,64.5,1017.4,7.5,51.65,0.0,6.5,1121
0,1709395200,63.8,1017.4,6.2,50.58,0.0,5.0,1121
0,1709398800,63.3,1017.7,6.2,50.5,0.0,3.8,1121
0,1709402400,63.0,1017.8,7.5,52.53,0.0,2.2,1121
0,1709996400,82.6,1011.5,6.2,39.47,0.0,13.9,1122
0,1710000000,80.6,1012.0,6.2,39.34,0.0,11.4,1122
0,1710003600,78.8,1012.0,6.2,50.73,0.0,10.3,1122
0,1710007200,76.8,1013.1,6.2,57.86,0.0,10.3,1122
0,1710010800,75.2,1013.0,6.2,60.94,0.0,9.2,1122
0,1710014400,75.2,1013.0,6.2,60.94,0.0,6.9,1122
0,1711245600,65.4,1023.0,15.0,51.33,0.0,5.1,1123
0,1711249200,67.3,1022.2,15.0,46.74,0.0,6.1,1123
0,1711252800,70.1,1021.2,15.0,44.36,0.0,6.2,1123
0,1711256400,71.0,1020.6,15.0,43.2,0.0,5.1,1123
0,1711260000,69.1,1020.3,15.0,50.42,0.0,8.2,1123
0,1711263600,68.1,1020.3,15.0,54.55,0.0,6.2,1123
0,1712458800,71.2,1017.2,12.0,56.32,0.0,6.1,1124
0,1712462400,72.2,1016.4,12.4,46.52,0.0,6.6,1124
0,1712466000,70.7,1016.2,12.4,49.23,0.0,5.9,1124
0,1712469600,69.4,1016.5,12.4,51.28,0.0,6.1,1124
0,1712473200,67.4,1016.9,11.0,62.65,0.0,8.6,1124
0,1712476800,65.9,1017.1,11.0,68.52,0.0,6.2,1124
0,1713675600,67.7,1012.0,6.2,65.04,0.0,9.2,1125
0,1713679200,65.9,1011.9,6.7,69.27,0.0,8.2,1125
0,1713682800,67.7,1011.0,6.2,65.22,0.0,7.3,1125
0,1713686400,66.0,1011.0,6.2,68.58,0.0,9.4,1125
0,1713690000,64.0,1011.1,6.9,73.73,0.0,8.2,1125
0,1713693600,64.2,1012.0,6.2,73.01,0.0,6.9,1125
0,1714932000,85.4,1017.5,9.9,53.57,0.0,15.0,1126
0,1714935600,86.0,1017.3,9.9,52.63,0.0,14.7,1126
0,1714939200,85.9,1016.4,9.9,53.73,0.0,13.1,1126
0,1714942800,84.2,1016.4,9.9,56.11,0.0,13.7,1126
0,1714946400,83.0,1016.6,9.9,57.86,0.0,12.2,1126
0,1714950000,80.8,1016.7,9.9,62.13,0.0,13.9,1126
0,1716116400,71.3,1011.8,6.2,64.81,0.0,4.6,1127
0,1716120000,72.8,1011.2,6.2,61.56,0.0,4.9,1127
0,1716123600,75.5,1011.2,6.2,58.07,0.0,5.0,1127
0,1716127200,76.1,1010.5,6.2,53.34,0.0,5.2,1127
0,1716130800,76.7,1010.2,6.2,56.41,0.0,6.3,1127
0,1716134400,76.8,1009.8,5.9,55.59,0.0,6.5,1127
0,1716721200,69.4,1019.2,12.1,74.12,0.0,6.5,1128
0,1716724800,70.7,1019.2,13.6,70.31,0.0,6.3,1128
0,1716728400,69.8,1019.0,12.9,69.35,0.0,7.4,1128
0,1716732000,69.8,1018.8,12.6,67.72,0.0,8.3,1128
0,1716735600,69.8,1018.3,12.5,71.46,0.0,7.6,1128
0,1716739200,70.0,1018.2,13.6,69.0,0.0,6.0,1128
0,1717948800,60.9,998.5,8.9,77.96,0.0,5.4,1129
0,1717952400,59.7,998.0,9.8,85.91,0.012,5.2,1129
0,1717956000,59.7,997.4,10.8,82.01,0.015,3.8,1129
0,1717959600,62.2,997.1,9.8,82.55,0.02,2.2,1129
0,1717963200,62.7,996.8,9.8,71.22,0.001,4.4,1129
0,1717966800,58.9,997.2,9.8,84.64,0.013,1.6,1129
0,1719140400,74.7,1016.0,7.2,55.12,0.0,8.0,1130
0,1719144000,74.8,1015.1,7.1,58.39,0.0,9.1,1130
0,1719147600,71.8,1015.0,7.2,68.74,0.0,11.2,1130
0,1719151200,74.9,1015.0,7.2,61.51,0.0,11.2,1130
0,1719154800,73.3,1015.0,7.1,61.46,0.0,9.2,1130
0,1719158400,71.6,1015.0,7.2,65.17,0.0,9.1,1130
0,1719745200,83.9,1006.6,,38.59,0.0,11.1,1131
0,1719748800,84.4,1006.1,,37.55,0.0,13.4,1131
0,1719752400,83.0,1006.3,,38.09,0.0,13.3,1131
0,1719756000,78.9,1007.4,,42.96,0.0,11.0,1131
0,1719759600,82.6,1006.0,,42.24,0.0,15.5,1131
0,1719763200,82.9,1005.9,,42.45,0.0,11.0,1131
0,1720353600,58.1,1008.3,23.0,73.1,0.064,8.7,1132
0,1720357200,61.7,1008.2,32.3,61.28,0.0,9.0,1132
0,1720360800,60.3,1008.6,14.6,67.12,0.003,9.6,1132
0,1720364400,63.0,1008.7,31.1,61.83,0.002,9.3,1132
0,1720368000,63.2,1008.9,28.0,57.17,0.0,9.9,1132
0,1720371600,62.8,1009.2,35.1,57.7,0.0,8.6,1132
0,1721559600,81.6,1009.0,6.7,54.26,0.0,5.2,1133
0,1721563200,82.5,1009.0,6.7,49.51,0.0,5.9,1133
0,1721566800,83.4,1008.4,6.7,49.55,0.0,7.4,1133
0,1721570400,84.3,1008.0,6.7,48.09,0.0,8.5,1133
0,1721574000,85.3,1008.0,6.7,45.31,0.0,6.4,1133
0,1721577600,86.0,1008.0,6.7,42.84,0.0,5.1,1133
0,1722164400,64.5,1026.3,6.2,60.58,0.0,3.2,1134
0,1722168000,66.6,1026.2,8.8,56.92,0.0,4.2,1134
0,1722171600,66.5,1026.4,6.2,55.14,0.0,5.1,1134
0,1722175200,66.6,1026.4,6.2,55.47,0.0,4.3,1134
0,1722178800,67.4,1026.3,8.8,54.3,0.0,4.7,1134
0,1722182400,67.3,1025.9,6.2,55.21,0.0,4.2,1134
0,1724583600,64.4,1020.2,18.1,64.76,0.0,17.5,1135
0,1724587200,66.2,1020.3,14.8,59.28,0.0,19.1,1135
0,1724590800,66.7,1020.4,20.9,57.81,0.0,16.2,1135
0,1724594400,67.1,1020.4,21.1,57.89,0.0,16.4,1135
0,1724598000,66.4,1020.3,21.3,55.8,0.0,17.0,1135
0,1724601600,66.6,1020.3,21.3,58.95,0.0,15.2,1135
0,1725188400,85.7,1015.4,6.2,49.63,0.0,4.1,1136
0,1725192000,86.2,1015.1,6.2,47.36,0.0,5.5,1136
0,1725195600,87.6,1014.3,6.2,41.11,0.0,4.8,1136
0,1725199200,88.1,1013.4,6.2,38.79,0.0,4.4,1136
0,1725202800,88.9,1013.3,6.2,37.47,0.0,5.2,1136
0,1725206400,88.0,1012.4,6.2,36.72,0.0,5.2,1136
0,1726390800,80.2,1014.2,7.0,40.29,0.0,14.3,1137
0,1726394400,80.6,1014.0,6.2,39.34,0.0,18.3,1137
0,1726398000,78.8,1014.0,6.2,39.06,0.0,18.3,1137
0,1726401600,78.2,1014.2,7.0,45.94,0.0,13.3,1137
0,1726405200,77.0,1015.0,6.2,47.28,0.0,13.9,1137
0,1726408800,75.2,1015.0,6.2,53.58,0.0,13.9,1137
0,1726999200,87.8,1005.7,6.2,69.39,0.0,6.3,1138
0,1727002800,86.6,1006.7,6.2,71.14,0.0,5.0,1138
0,1727006400,86.0,1007.7,6.5,73.36,0.0,4.3,1138
0,1727010000,85.9,1008.7,6.2,72.33,0.0,5.4,1138
0,1727013600,84.3,1009.7,6.2,75.95,0.0,6.2,1138
0,1727017200,84.2,1009.7,6.4,76.77,0.0,5.4,1138
